,Pre-selection,bbFatJetPt_JER_down >= 350,VVFatJetPt_JER_down >= 350,bbFatJetPt_JER_down >= 400 or VVFatJetPt_JER_down >= 400,92.5 ≤ bbFatJetParticleNetMass < 110 or 145 ≤ bbFatJetParticleNetMass < 162.5,0.8 ≤ bbFatJetParticleNetMD_Txbb < 0.987,VVFatJetParTMD_THWWvsT < 0.6,0 ≤ nGoodElectronsHbb < 0.9,0 ≤ nGoodMuonsHbb < 0.9
X[900]->H(bb)Y[80](VV),11.199833822663772,10.138173721766375,9.62052498228545,9.340489645391814,1.6636372840787024,0.9922825995382,0.43853985208912877,0.4380498616289682,0.43312515834538157
