,Pre-selection,bbFatJetPt_JER_up >= 350,VVFatJetPt_JER_up >= 350,bbFatJetPt_JER_up >= 400 or VVFatJetPt_JER_up >= 400,92.5 ≤ bbFatJetParticleNetMass < 110 or 145 ≤ bbFatJetParticleNetMass < 162.5,bbFatJetParticleNetMD_Txbb >= 0.987,VVFatJetParTMD_THWWvsT >= 0.6,0 ≤ nGoodElectronsHbb < 0.9,0 ≤ nGoodMuonsHbb < 0.9
X[900]->H(bb)Y[80](VV),11.199833822663772,10.137320052788088,9.61979707432042,9.354408331256154,1.6647997322650423,0.6716138835109833,0.3832804676294255,0.38223988095832273,0.3791795928100379
