,Pre-selection,bbFatJetPt_JER_up >= 350,VVFatJetPt_JER_up >= 350,bbFatJetPt_JER_up >= 400 or VVFatJetPt_JER_up >= 400,0 ≤ nGoodElectronsHbb < 0.9,0 ≤ nGoodMuonsHbb < 0.9
X[900]->H(bb)Y[80](VV),11.199833822663772,10.137320052788088,9.61979707432042,9.354408331256154,9.341711111632641,9.286038510189865
