,Pre-selection,bbFatJetPt_JES_up >= 350,VVFatJetPt_JES_up >= 350,bbFatJetPt_JES_up >= 400 or VVFatJetPt_JES_up >= 400,0 ≤ nGoodElectronsHbb < 0.9,0 ≤ nGoodMuonsHbb < 0.9
X[900]->H(bb)Y[80](VV),11.199833822663772,10.198014798194203,9.711302339663286,9.461808630245883,9.448937716710281,9.392736444864573
