{
    "2016": {},
    "passvbf": {
        "HHbbVV": {
            "lp_sf": 0.8230065525849952,
            "lp_sf_unc_up": 0.5487986652342562,
            "lp_sf_unc_down": 0.6925654628566402,
            "lp_sf_uncs_sym": {
                "sys_unc": 0.1350159403113096,
                "np_unc": 0.09952630787745229,
                "stat_unc": 0.028312765232390933,
                "sj_pt_unc": 0.00645344414885723
            },
            "lp_sf_uncs_asym": {
                "up": {
                    "dist": 0.026385910078152247,
                    "unmatched": 0.5210620970651171
                },
                "down": {
                    "dist": 0.006087049486215687,
                    "unmatched": 0.6712911577371128
                }
            }
        }
    },
    "passggf": {
        "HHbbVV": {
            "lp_sf": 0.9124904971333306,
            "lp_sf_unc_up": 0.5076333013955402,
            "lp_sf_unc_down": 0.6379883340784294,
            "lp_sf_uncs_sym": {
                "sys_unc": 0.08358410062868958,
                "np_unc": 0.08505145517053919,
                "stat_unc": 0.018690255340917648,
                "sj_pt_unc": 0.0003392854701339338
            },
            "lp_sf_uncs_asym": {
                "up": {
                    "dist": 0.021225763613083655,
                    "unmatched": 0.4926170348058467
                },
                "down": {
                    "dist": 0.007478811009078107,
                    "unmatched": 0.6264213351588434
                }
            }
        }
    }
}
