,Pre-selection,TriggerEffs,QCD SF,LP SF,bbFatJetPt ≥ 300,VVFatJetPt ≥ 300,BDTScore_JMS_down ≥ 0.99,bbFatJetParticleNetMD_Txbb ≥ 0.987,BDTScore ≥ 0.99
HHbbVV,3.0806144918749685,1.777757325359977,1.777757325359977,1.777757325359977,1.7726108484418197,1.7683849920081505,0.37772963285658295,0.17798624326975998,
QCD,2297339.82909381,1194346.5658664904,972393.0218376687,972393.0218376687,969133.2699374782,966738.3173294645,731.3360390927924,35.59996902438343,
TT,139361.71036435151,90162.83808289378,90162.83808289378,90162.83808289378,89874.47242888014,89593.63713305627,182.8984506361167,13.70095088080468,
ST,9979.986132619777,6717.596659086394,6717.596659086394,6717.596659086394,6695.143184192203,6679.164687640505,19.159565631137507,2.0323962137767038,
V+Jets,63475.58227389368,38860.89721165447,38860.89721165447,38860.89721165447,38735.5607817707,38656.89023501311,87.10743959778137,17.925228475718296,
Diboson,946.7147595788099,595.6462086965947,595.6462086965947,595.6462086965947,593.2710364467257,592.303383327502,0.7404602092212222,0.33004041863243094,
Data,1108730.0,1108730.0,1108730.0,1108730.0,1108730.0,1108730.0,,155.0,1729.0
