{"2017": {"pass": {"trig_total": 48.74459290391998, "trig_total_err": 0.5679447255870437}, "fail": {"trig_total": 179072.17498889018, "trig_total_err": 288.6211950802792}}, "HHbbVV": {"lp_sf": 1.0141494229939019, "lp_sf_unc": 0.19217558487209221}}