,SF,sj_matching_unc,sj_pt_unc,stat_unc,syst_unc
HHbbVV,1.07 ± 0.22,0.1276315040823874,0.001277076486978498,0.053226998350776135,0.14706256318712713
