{"2016APV": {}, "HHbbVV": {"lp_sf": 1.070349831558295, "lp_sf_unc": 0.20187110393339447, "lp_sf_uncs": {"syst_unc": 0.14706256318712713, "stat_unc": 0.053226998350776135, "sj_pt_unc": 0.001277076486978498, "sj_matching_unc": 0.1276315040823874}}}
