,SF,dist,np_unc,sj_pt_unc,stat_unc,sys_unc,unmatched
X[2000]->H(bb)Y[125](VV),0.95 +0.35-0.13,+0.00-0.00,0.013193330275303856,0.0016088159038248058,0.0068570603811152365,0.04094124445782459,+0.37-0.13
