{
    "2016": {
        "pass": {
            "trig_total": 61259.91289527879,
            "trig_total_err": 2453.676535458365
        },
        "fail": {
            "trig_total": 35225.752635826866,
            "trig_total_err": 466.7942285655765
        },
        "passBlinded": {
            "trig_total": 10479.329946316317,
            "trig_total_err": 479.1485804835232
        },
        "failBlinded": {
            "trig_total": 9167.157632111412,
            "trig_total_err": 97.96421092048418
        }
    },
    "pass": {
        "X[2000]->H(bb)Y[125](VV)": {
            "lp_sf": 0.9527970628304244,
            "lp_sf_unc_up": 0.37086301154853285,
            "lp_sf_unc_down": 0.13636235413753045,
            "lp_sf_uncs_sym": {
                "sys_unc": 0.04094124445782459,
                "np_unc": 0.013193330275303856,
                "stat_unc": 0.0068570603811152365,
                "sj_pt_unc": 0.0016088159038248058
            },
            "lp_sf_uncs_asym": {
                "up": {
                    "dist": 0.003992869273646824,
                    "unmatched": 0.368271059550733
                },
                "down": {
                    "dist": 0.00028098514308329855,
                    "unmatched": 0.12920818722545166
                }
            }
        }
    }
}
