,SF,sj_matching_unc,sj_pt_unc,stat_unc,syst_unc
HHbbVV,1.07 ± 0.22,0.1340238659946635,0.001247443129251291,0.05148331216012263,0.14598202622273043
