,Pre-selection,TriggerEffs,QCD SF,LP SF,bbFatJetPt ≥ 300,VVFatJetPt ≥ 300,BDTScore_JMS_up ≥ 0.994,bbFatJetParticleNetMD_Txbb ≥ 0.9137,BDTScore ≥ 0.994
HHbbVV,1.226207055855298,0.962836113592311,0.962836113592311,0.962836113592311,0.9566096747942927,0.9511902193920164,0.11611864463767588,0.10437476205241912,
QCD,1025068.5251140338,758372.038498297,951838.4448337916,951838.4448337916,943552.4935079368,936701.2880493293,180.24727298407043,105.78063039403278,
TT,60216.68690936446,49536.832979442996,49536.832979442996,49536.832979442996,49221.11449574653,48889.454988424695,40.19205112898665,23.441645341201543,
ST,4318.746371851393,3575.7297900135763,3575.7297900135763,3575.7297900135763,3552.173733076492,3532.876000602921,4.030761740959132,2.282785559449281,
V+Jets,28575.038253779858,22718.400706946682,22718.400706946682,22718.400706946682,22556.427033673514,22436.939271385167,19.81149652644754,12.229493576086231,
Diboson,435.3161593699373,352.5916898055027,352.5916898055027,352.5916898055027,350.53705082453064,349.14705446532366,0.03266233593561373,0.0,
Data,1028022.0,1028022.0,1028022.0,1028022.0,1028022.0,1028022.0,,274.0,550.0
