,Pre-selection,bbFatJetPt >= 350,VVFatJetPt >= 350,bbFatJetPt >= 400 or VVFatJetPt >= 400,110 ≤ bbFatJetParticleNetMass_JMS_down < 145,0.8 ≤ bbFatJetParticleNetMD_Txbb < 0.9883,VVFatJetParTMD_THWWvsT < 0.6,0 ≤ nGoodElectronsHbb < 0.9,0 ≤ nGoodMuonsHbb < 0.9
X[900]->H(bb)Y[80](VV),5.366088550498191,4.669186033624445,4.358632935058043,4.0796384498419345,2.8875542141832273,1.3726379390557977,0.661084010564358,0.6603471055491296,0.657046859511081
