,Pre-selection,bbFatJetPt >= 350,VVFatJetPt >= 350,bbFatJetPt >= 400 or VVFatJetPt >= 400,110 ≤ bbFatJetParticleNetMass_JMR_down < 145,bbFatJetParticleNetMD_Txbb >= 0.9883,VVFatJetParTMD_THWWvsT >= 0.6,0 ≤ nGoodElectronsHbb < 0.9,0 ≤ nGoodMuonsHbb < 0.9
X[900]->H(bb)Y[80](VV),5.366088550498191,4.669186033624445,4.358632935058043,4.0796384498419345,2.919446109714711,1.5372817498932352,0.8060303472936187,0.804939253121006,0.8018208093861761
