,Pre-selection,bbFatJetPt >= 350,VVFatJetPt >= 350,bbFatJetPt >= 400 or VVFatJetPt >= 400,92.5 ≤ bbFatJetParticleNetMass_JMS_up < 110 or 145 ≤ bbFatJetParticleNetMass_JMS_up < 162.5,bbFatJetParticleNetMD_Txbb >= 0.9883,VVFatJetParTMD_THWWvsT >= 0.6,0 ≤ nGoodElectronsHbb < 0.9,0 ≤ nGoodMuonsHbb < 0.9
X[900]->H(bb)Y[80](VV),5.366088550498191,4.669186033624445,4.358632935058043,4.0796384498419345,0.7973888082537417,0.34341878928190767,0.18509835821912907,0.18500486990017817,0.18393486013593313
