,Pre-selection,bbFatJetPt_JES_down >= 350,VVFatJetPt_JES_down >= 350,bbFatJetPt_JES_down >= 400 or VVFatJetPt_JES_down >= 400,110 ≤ bbFatJetParticleNetMass < 145,bbFatJetParticleNetMD_Txbb >= 0.9883,VVFatJetParTMD_THWWvsT >= 0.6,0 ≤ nGoodElectronsHbb < 0.9,0 ≤ nGoodMuonsHbb < 0.9
X[900]->H(bb)Y[80](VV),5.366088550498191,4.61075286081852,4.279146732767637,3.9808458895797707,2.8073454704626073,1.4730000564554797,0.7712467083055438,0.7701556141329311,0.7671596485067702
