,Pre-selection,bbFatJetPt_JES_up >= 350,VVFatJetPt_JES_up >= 350,bbFatJetPt_JES_up >= 400 or VVFatJetPt_JES_up >= 400,0 ≤ nGoodElectronsHbb < 0.9,0 ≤ nGoodMuonsHbb < 0.9
X[900]->H(bb)Y[80](VV),5.366088550498191,4.722853108393465,4.434052010272898,4.1698868289534206,4.164263384598297,4.143863101557172
