,SF,sj_matching_unc,sj_pt_unc,stat_unc,syst_unc
HHbbVV,1.07 ± 0.22,0.14096968299458662,0.0011723755387232518,0.0500486710369241,0.1393931855874297
