,Pre-selection,bbFatJetPt >= 350,VVFatJetPt >= 350,bbFatJetPt >= 400 or VVFatJetPt >= 400,92.5 ≤ bbFatJetParticleNetMass_JMR_down < 110 or 145 ≤ bbFatJetParticleNetMass_JMR_down < 162.5,0.8 ≤ bbFatJetParticleNetMD_Txbb < 0.988,VVFatJetParTMD_THWWvsT < 0.6,0 ≤ nGoodElectronsHbb < 0.9,0 ≤ nGoodMuonsHbb < 0.9
X[2000]->H(bb)Y[125](VV),36.99846956700432,36.842533875076924,36.76890841395942,36.75622432805734,5.3420235995152705,2.80973677606087,1.1430983399792096,1.1406468798537293,1.1292653677457798
