,Pre-selection,bbFatJetPt_JES_down >= 350,VVFatJetPt_JES_down >= 350,bbFatJetPt_JES_down >= 400 or VVFatJetPt_JES_down >= 400,92.5 ≤ bbFatJetParticleNetMass < 110 or 145 ≤ bbFatJetParticleNetMass < 162.5,0.8 ≤ bbFatJetParticleNetMD_Txbb < 0.988,VVFatJetParTMD_THWWvsT < 0.6,0 ≤ nGoodElectronsHbb < 0.9,0 ≤ nGoodMuonsHbb < 0.9
X[2000]->H(bb)Y[125](VV),36.99846956700432,36.819229072723616,36.73069095413302,36.71331069360597,5.835408080948154,2.9870610232303916,1.2202513024317887,1.2180424662362386,1.2061652419137816
