,Pre-selection,bbFatJetPt_JER_down >= 350,VVFatJetPt_JER_down >= 350,bbFatJetPt_JER_down >= 400 or VVFatJetPt_JER_down >= 400,92.5 ≤ bbFatJetParticleNetMass < 110 or 145 ≤ bbFatJetParticleNetMass < 162.5,bbFatJetParticleNetMD_Txbb >= 0.988,VVFatJetParTMD_THWWvsT >= 0.6,0 ≤ nGoodElectronsHbb < 0.9,0 ≤ nGoodMuonsHbb < 0.9
X[2000]->H(bb)Y[125](VV),36.99846956700432,36.844495936751336,36.77144154634892,36.758472192664726,5.846471331995405,2.8533434540660148,1.7300127382216097,1.7288722321586805,1.723616565293393
