{
    "passggf": {
        "HHbbVV": {
            "lp_sf": 1.0662593442284205,
            "lp_sf_unc": 0.2047565290328658,
            "lp_sf_uncs": {
                "syst_unc": 0.14598202622273043,
                "stat_unc": 0.05148331216012263,
                "sj_pt_unc": 0.001247443129251291,
                "sj_matching_unc": 0.1340238659946635
            }
        },
        "ggHH_kl_2p45_kt_1_HHbbVV": {
            "lp_sf": 1.0693290380075762,
            "lp_sf_unc": 0.22927793677664063,
            "lp_sf_uncs": {
                "syst_unc": 0.17956551979020804,
                "stat_unc": 0.05030712816542529,
                "sj_pt_unc": 0.0015492274792712067,
                "sj_matching_unc": 0.133384366194058
            }
        },
        "ggHH_kl_5_kt_1_HHbbVV": {
            "lp_sf": 1.0420725153882187,
            "lp_sf_unc": 0.4461475838812194,
            "lp_sf_uncs": {
                "syst_unc": 0.42228077211173504,
                "stat_unc": 0.056933276148314574,
                "sj_pt_unc": 0.0021358928909425592,
                "sj_matching_unc": 0.132214432405637
            }
        },
        "ggHH_kl_0_kt_1_HHbbVV": {
            "lp_sf": 1.0786376144923473,
            "lp_sf_unc": 0.23549798121084353,
            "lp_sf_uncs": {
                "syst_unc": 0.18802466669437753,
                "stat_unc": 0.04677117041119837,
                "sj_pt_unc": 0.0013923149361936122,
                "sj_matching_unc": 0.13385269121813032
            }
        },
        "VBFHHbbVV": {
            "lp_sf": 1.1440574909140442,
            "lp_sf_unc": 0.3745745167634114,
            "lp_sf_uncs": {
                "syst_unc": 0.33885390804614135,
                "stat_unc": 0.07214685472282997,
                "sj_pt_unc": 0.0031249304090568263,
                "sj_matching_unc": 0.14236981342244498
            }
        },
        "qqHH_CV_1_C2V_0_kl_1_HHbbVV": {
            "lp_sf": 1.1521242408301495,
            "lp_sf_unc": 0.16622879897882822,
            "lp_sf_uncs": {
                "syst_unc": 0.07292706311681453,
                "stat_unc": 0.045625313188677664,
                "sj_pt_unc": 0.014401260847208417,
                "sj_matching_unc": 0.1415082738130374
            }
        },
        "qqHH_CV_1p5_C2V_1_kl_1_HHbbVV": {
            "lp_sf": 1.1567262404590182,
            "lp_sf_unc": 0.16535310662904998,
            "lp_sf_uncs": {
                "syst_unc": 0.06538008057637573,
                "stat_unc": 0.048358921881093066,
                "sj_pt_unc": 0.013140837153129317,
                "sj_matching_unc": 0.1433730379433939
            }
        },
        "qqHH_CV_1_C2V_1_kl_2_HHbbVV": {
            "lp_sf": 1.2828091312247394,
            "lp_sf_unc": 0.5413082991966917,
            "lp_sf_uncs": {
                "syst_unc": 0.5122756018431425,
                "stat_unc": 0.07069633096469839,
                "sj_pt_unc": 0.005876942326497809,
                "sj_matching_unc": 0.159862043251305
            }
        },
        "qqHH_CV_1_C2V_2_kl_1_HHbbVV": {
            "lp_sf": 1.1728086092114292,
            "lp_sf_unc": 0.1714770057438331,
            "lp_sf_uncs": {
                "syst_unc": 0.07998276493486906,
                "stat_unc": 0.04533190877429473,
                "sj_pt_unc": 0.015784940688716022,
                "sj_matching_unc": 0.14388528245299026
            }
        },
        "qqHH_CV_1_C2V_1_kl_0_HHbbVV": {
            "lp_sf": 1.1170616283329893,
            "lp_sf_unc": 0.2929500967953235,
            "lp_sf_uncs": {
                "syst_unc": 0.25356670143465737,
                "stat_unc": 0.05764122579902412,
                "sj_pt_unc": 0.0026072690481566576,
                "sj_matching_unc": 0.134886538885217
            }
        }
    },
    "passvbf": {
        "qqHH_CV_1_C2V_0_kl_1_HHbbVV": {
            "lp_sf": 0.9319151497178899,
            "lp_sf_unc": 0.2875145732655031,
            "lp_sf_uncs": {
                "syst_unc": 0.16385915333386447,
                "stat_unc": 0.05553290977152946,
                "sj_pt_unc": 0.015475147785647868,
                "sj_matching_unc": 0.22911006839960782
            }
        },
        "HHbbVV": {
            "lp_sf": 0.9503388492177763,
            "lp_sf_unc": 0.29342024639707515,
            "lp_sf_uncs": {
                "syst_unc": 0.2561410936981489,
                "stat_unc": 0.07856434788501383,
                "sj_pt_unc": 0.010841863482916728,
                "sj_matching_unc": 0.1191523325514725
            }
        },
        "ggHH_kl_2p45_kt_1_HHbbVV": {
            "lp_sf": 0.9811093427797604,
            "lp_sf_unc": 0.298330990762476,
            "lp_sf_uncs": {
                "syst_unc": 0.256817559100826,
                "stat_unc": 0.08162761649790178,
                "sj_pt_unc": 0.009575297858818856,
                "sj_matching_unc": 0.12763764053993107
            }
        },
        "ggHH_kl_5_kt_1_HHbbVV": {
            "lp_sf": 0.9826126459399465,
            "lp_sf_unc": 0.5931596363634637,
            "lp_sf_uncs": {
                "syst_unc": 0.5694331197556697,
                "stat_unc": 0.07524985450900107,
                "sj_pt_unc": 0.015874863024629263,
                "sj_matching_unc": 0.14720640086791428
            }
        },
        "ggHH_kl_0_kt_1_HHbbVV": {
            "lp_sf": 0.9650480647161521,
            "lp_sf_unc": 0.30122315489384854,
            "lp_sf_uncs": {
                "syst_unc": 0.26474504264374177,
                "stat_unc": 0.07726988547265556,
                "sj_pt_unc": 0.005763758045281085,
                "sj_matching_unc": 0.12100246002460024
            }
        },
        "VBFHHbbVV": {
            "lp_sf": 1.080002849552601,
            "lp_sf_unc": 0.4250402455569426,
            "lp_sf_uncs": {
                "syst_unc": 0.3785623057161032,
                "stat_unc": 0.05098078240779178,
                "sj_pt_unc": 0.006963134878500602,
                "sj_matching_unc": 0.18628544122331953
            }
        },
        "qqHH_CV_1p5_C2V_1_kl_1_HHbbVV": {
            "lp_sf": 0.9372668181396107,
            "lp_sf_unc": 0.2873094241175371,
            "lp_sf_uncs": {
                "syst_unc": 0.16601240523773378,
                "stat_unc": 0.05626640929917863,
                "sj_pt_unc": 0.01510216000856959,
                "sj_matching_unc": 0.22714005028084797
            }
        },
        "qqHH_CV_1_C2V_1_kl_2_HHbbVV": {
            "lp_sf": 0.993699636496845,
            "lp_sf_unc": 0.6581904861573327,
            "lp_sf_uncs": {
                "syst_unc": 0.6286761320266583,
                "stat_unc": 0.06549445688986373,
                "sj_pt_unc": 0.008613438799934335,
                "sj_matching_unc": 0.18335027100271
            }
        },
        "qqHH_CV_1_C2V_2_kl_1_HHbbVV": {
            "lp_sf": 0.9380976581614738,
            "lp_sf_unc": 0.2878529134781984,
            "lp_sf_uncs": {
                "syst_unc": 0.16474240244610602,
                "stat_unc": 0.05481188403763621,
                "sj_pt_unc": 0.015422563392670808,
                "sj_matching_unc": 0.22907868198681472
            }
        },
        "qqHH_CV_1_C2V_1_kl_0_HHbbVV": {
            "lp_sf": 1.0349946608219183,
            "lp_sf_unc": 0.3474694542498509,
            "lp_sf_uncs": {
                "syst_unc": 0.29483513160566605,
                "stat_unc": 0.0501903719870131,
                "sj_pt_unc": 0.005015141340947516,
                "sj_matching_unc": 0.17681357901726427
            }
        }
    },
    "2016": {
        "passggf": {
            "trig_total": 35428.46861688447,
            "trig_total_err": 169.70344916739498
        },
        "fail": {
            "trig_total": 2191129.51425094,
            "trig_total_err": 3393.9771949494093
        },
        "passvbf": {
            "trig_total": 154861.2273932935,