,SF,syst_unc,stat_unc,sj_pt_unc,sj_matching_unc
HHbbVV,1.04 ± 0.30,0.16898797668251284,0.03487248894509472,0.0008132240369017417,0.22813616287458868
qqHH_CV_1_C2V_0_kl_1_HHbbVV,1.03 ± 0.21,0.057248854875516515,0.04411039036612141,0.002056355404186242,0.19441200780401538
