{"2016APV": {"pass": {"trig_total": 8638.593545006772, "trig_total_err": 128.35314884314658}, "fail": {"trig_total": 2660504.74319953, "trig_total_err": 4119.442774242709}}, "HHbbVV": {"lp_sf": 1.0359814396406297, "lp_sf_unc": 0.15576373244655392, "lp_sf_uncs": {"syst_unc": 0.11519200967615001, "stat_unc": 0.06657887986047198, "sj_pt_unc": 0.0013009207114169513, "sj_matching_unc": 0.08098581119108979}}, "qqHH_CV_1_C2V_0_kl_1_HHbbVV": {"lp_sf": 1.0486856343796624, "lp_sf_unc": 0.1199809190394604, "lp_sf_uncs": {"syst_unc": 0.041747241004338916, "stat_unc": 0.07090984700751168, "sj_pt_unc": 0.0037823003011776507, "sj_matching_unc": 0.08723575301378556}}, "2016": {"pass": {"trig_total": 7918.761823700485, "trig_total_err": 128.2339091452518}, "fail": {"trig_total": 2279925.507221415, "trig_total_err": 3872.4562812405525}}, "2018": {"pass": {"trig_total": 16223.417482085026, "trig_total_err": 202.81589196074526}, "fail": {"trig_total": 1842338.4174895105, "trig_total_err": 1991.002296784295}}}
