{"HHbbVV": {"lp_sf": 0.7398819221312001, "lp_sf_unc": 0.16283816599413997}, "X[1000]->H(bb)Y[125](VV)": {"lp_sf": 0.7381843897909458, "lp_sf_unc": 0.16320690238042973}, "X[1400]->H(bb)Y[125](VV)": {"lp_sf": 0.7360006527756711, "lp_sf_unc": 0.10615540339225933}, "X[1400]->H(bb)Y[150](VV)": {"lp_sf": 0.7580473506110272, "lp_sf_unc": 0.10065754090912249}, "X[1800]->H(bb)Y[125](VV)": {"lp_sf": 0.7327312649242111, "lp_sf_unc": 0.14561852219659716}, "X[1800]->H(bb)Y[150](VV)": {"lp_sf": 0.7378678860628718, "lp_sf_unc": 0.14971905152700934}, "X[1800]->H(bb)Y[190](VV)": {"lp_sf": 0.7329480898931854, "lp_sf_unc": 0.16903369661848308}, "X[2200]->H(bb)Y[125](VV)": {"lp_sf": 0.7955666102753871, "lp_sf_unc": 0.2124073730033089}, "X[2200]->H(bb)Y[150](VV)": {"lp_sf": 0.728456956395807, "lp_sf_unc": 0.24672602176163788}, "X[2200]->H(bb)Y[190](VV)": {"lp_sf": 0.7074723256762374, "lp_sf_unc": 0.2986638289700003}, "X[2200]->H(bb)Y[250](VV)": {"lp_sf": 0.7275312381871016, "lp_sf_unc": 0.2681379425344931}, "X[3000]->H(bb)Y[125](VV)": {"lp_sf": 0.7498346768725543, "lp_sf_unc": 0.37413563269359024}, "X[3000]->H(bb)Y[150](VV)": {"lp_sf": 0.7657741645167321, "lp_sf_unc": 0.3415675551583506}, "X[3000]->H(bb)Y[190](VV)": {"lp_sf": 0.7271658826234707, "lp_sf_unc": 0.4361611804019981}, "X[3000]->H(bb)Y[250](VV)": {"lp_sf": 0.7060976690344886, "lp_sf_unc": 0.4963003198555397}, "X[3000]->H(bb)Y[350](VV)": {"lp_sf": 0.9318117433299862, "lp_sf_unc": 0.428192949216294}, "pass": {"trig_total": 37.49945606615274, "trig_total_err": 0.9151445402117205}, "fail": {"trig_total": 697.7594000015749, "trig_total_err": 1.6642548399391783}, "passBlinded": {"trig_total": 18.005663889959827, "trig_total_err": 0.18543881412108446}, "failBlinded": {"trig_total": 617.4325054123767, "trig_total_err": 1.2180296479221948}}