,Pre-selection,bbFatJetPt >= 350,VVFatJetPt >= 350,bbFatJetPt >= 400 or VVFatJetPt >= 400,92.5 ≤ bbFatJetParticleNetMass_JMS_up < 110 or 145 ≤ bbFatJetParticleNetMass_JMS_up < 162.5,bbFatJetParticleNetMD_Txbb >= 0.9883,VVFatJetParTMD_THWWvsT >= 0.6,0 ≤ nGoodElectronsHbb < 0.9,0 ≤ nGoodMuonsHbb < 0.9
X[900]->H(bb)Y[80](VV),6.3526346097717346,5.49341136022756,5.1048277697136974,4.780504261594256,0.9217293562541276,0.3939636573208545,0.2117652182123722,0.21159470557841253,0.21062958481190674
