,SF,syst_unc,stat_unc,sj_pt_unc,sj_matching_unc
HHbbVV,1.00 ± 0.19,0.07720622807494909,0.019197503963017008,0.022314775343166508,0.17516175481475163
