,SF,syst_unc,stat_unc,sj_pt_unc,sj_matching_unc
HHbbVV,1.01 ± 0.20,0.0792333289298909,0.020108394001721073,0.021685042962512356,0.1756266950548754
