,SF,syst_unc,stat_unc,sj_pt_unc,sj_matching_unc
HHbbVV,1.00 ± 0.19,0.07691213534667596,0.020832416192944774,0.021736515573562924,0.17376762049463998
