,Pre-selection,bbFatJetPt >= 350,VVFatJetPt >= 350,bbFatJetPt >= 400 or VVFatJetPt >= 400,92.5 ≤ bbFatJetParticleNetMass_JMS_down < 110 or 145 ≤ bbFatJetParticleNetMass_JMS_down < 162.5,0.8 ≤ bbFatJetParticleNetMD_Txbb < 0.988,VVFatJetParTMD_THWWvsT < 0.6,0 ≤ nGoodElectronsHbb < 0.9,0 ≤ nGoodMuonsHbb < 0.9
X[4000]->H(bb)Y[150](VV),41.24433584795315,41.22343471676801,41.214130493569265,41.21354621569591,6.861108411895517,2.8977208011043567,1.2605916634085945,1.2593989716400766,1.2517727520842699
