,Pre-selection,bbFatJetPt >= 350,VVFatJetPt >= 350,bbFatJetPt >= 400 or VVFatJetPt >= 400,110 ≤ bbFatJetParticleNetMass_JMR_up < 145,0.8 ≤ bbFatJetParticleNetMD_Txbb < 0.988,VVFatJetParTMD_THWWvsT < 0.6,0 ≤ nGoodElectronsHbb < 0.9,0 ≤ nGoodMuonsHbb < 0.9
X[4000]->H(bb)Y[150](VV),41.24433584795315,41.22343471676801,41.214130493569265,41.21354621569591,29.332046870096985,9.535306318942052,3.8399437789789705,3.8343005041683544,3.8175039757033185
