,Pre-selection,bbFatJetPt >= 350,VVFatJetPt >= 350,bbFatJetPt >= 400 or VVFatJetPt >= 400,110 ≤ bbFatJetParticleNetMass_JMR_down < 145,bbFatJetParticleNetMD_Txbb >= 0.988,VVFatJetParTMD_THWWvsT >= 0.6,0 ≤ nGoodElectronsHbb < 0.9,0 ≤ nGoodMuonsHbb < 0.9
X[4000]->H(bb)Y[150](VV),41.24433584795315,41.22343471676801,41.214130493569265,41.21354621569591,33.02926293721108,22.3886947386464,14.367847750730988,14.355970231186783,14.321635187450603
