,SF,sj_matching_unc,sj_pt_unc,stat_unc,syst_unc
qqHH_CV_1_C2V_0_kl_1_HHbbVV,0.93 ± 0.28,0.2457407031886471,0.014736496588772565,0.05015692746269309,0.16070496105562945
