{"2016APV": {"pass": {"trig_total": 2734.164668079122, "trig_total_err": 23.258443026187358}, "fail": {"trig_total": 2039029.4499765574, "trig_total_err": 3343.171767487172}}, "HHbbVV": {"lp_sf": 1.059896067882005, "lp_sf_unc": 0.17523257302221318, "lp_sf_uncs": {"syst_unc": 0.1241922213547457, "stat_unc": 0.0578618154954204, "sj_pt_unc": 0.0015758028076578723, "sj_matching_unc": 0.10923494841873838}}}
