,SF,sj_matching_unc,sj_pt_unc,stat_unc,syst_unc
qqHH_CV_1_C2V_0_kl_1_HHbbVV,0.93 ± 0.27,0.22911006839960782,0.015475147785647868,0.05553290977152946,0.16385915333386447
