,Pre-selection,bbFatJetPt >= 350,VVFatJetPt >= 350,bbFatJetPt >= 400 or VVFatJetPt >= 400,92.5 ≤ bbFatJetParticleNetMass_JMR_up < 110 or 145 ≤ bbFatJetParticleNetMass_JMR_up < 162.5,0.8 ≤ bbFatJetParticleNetMD_Txbb < 0.987,VVFatJetParTMD_THWWvsT < 0.6,0 ≤ nGoodElectronsHbb < 0.9,0 ≤ nGoodMuonsHbb < 0.9
X[3000]->H(bb)Y[250](VV),31.012878515171767,30.98512111159532,30.943804155555693,30.93839891485055,5.968695973764604,2.512075552034273,1.191372716593099,1.1899277571169717,1.1807012535595445
