{
  "2016": {
    "pass": {
      "trig_total": 9.694199533532425,
      "trig_total_err": 0.09070272248433502
    },
    "fail": {
      "trig_total": 95979.03594100261,
      "trig_total_err": 205.5507883801893
    }
  },
  "HHbbVV": {
    "lp_sf": 0.8115192642213575,
    "lp_sf_unc": 0.18250994558111308,
    "lp_sf_uncs": {
      "syst_unc": 0.16995084154895526,
      "stat_unc": 0.02947981194685111,
      "sj_pt_unc": 0.0201676525480024,
      "sj_matching_unc": 0.056131971024578495
    }
  },
  "qqHH_CV_1_C2V_1_kl_1_HHbbVV": {
    "lp_sf": 0.8717076579912717,
    "lp_sf_unc": 0.2912996573657492,
    "lp_sf_uncs": {
      "syst_unc": 0.28143597254021535,
      "stat_unc": 0.03378023764367954,
      "sj_pt_unc": 0.036016949152542374,
      "sj_matching_unc": 0.05666532149582998
    }
  },
  "ggHH_kl_2p45_kt_1_HHbbVV": {
    "lp_sf": 0.8100544438401758,
    "lp_sf_unc": 0.20169444761682034,
    "lp_sf_uncs": {
      "syst_unc": 0.19030900317205782,
      "stat_unc": 0.028993648707240898,
      "sj_pt_unc": 0.02369631732222509,
      "sj_matching_unc": 0.055326181786903586
    }
  },
  "ggHH_kl_5_kt_1_HHbbVV": {
    "lp_sf": 0.8742159072485365,
    "lp_sf_unc": 0.3444586599931535,
    "lp_sf_uncs": {
      "syst_unc": 0.33667281880302763,
      "stat_unc": 0.035084773863091064,
      "sj_pt_unc": 0.028302768166089967,
      "sj_matching_unc": 0.05719434832756633
    }
  },
  "ggHH_kl_0_kt_1_HHbbVV": {
    "lp_sf": 0.825015860395942,
    "lp_sf_unc": 0.20120491246198008,
    "lp_sf_uncs": {
      "syst_unc": 0.18916508189844478,
      "stat_unc": 0.03639952205096509,
      "sj_pt_unc": 0.018916476313437285,
      "sj_matching_unc": 0.054929321018307005
    }
  },
  "qqHH_CV_1_C2V_0_kl_1_HHbbVV": {
    "lp_sf": 0.8534059801495968,
    "lp_sf_unc": 0.1564078917697679,
    "lp_sf_uncs": {
      "syst_unc": 0.10936605723760848,
      "stat_unc": 0.022388705835340895,
      "sj_pt_unc": 0.09421267864823132,
      "sj_matching_unc": 0.05590358812372646
    }
  },
  "qqHH_CV_1p5_C2V_1_kl_1_HHbbVV": {
    "lp_sf": 0.8576083071765381,
    "lp_sf_unc": 0.16664345734869881,
    "lp_sf_uncs": {
      "syst_unc": 0.1252331706076014,
      "stat_unc": 0.022364848613941907,
      "sj_pt_unc": 0.0911419005393546,
      "sj_matching_unc": 0.05726833653289453
    }
  },
  "qqHH_CV_1_C2V_1_kl_2_HHbbVV": {
    "lp_sf": 0.9608203965630243,
    "lp_sf_unc": 0.5162204534360254,
    "lp_sf_uncs": {
      "syst_unc": 0.506241554373664,
      "stat_unc": 0.0529422023806201,
      "sj_pt_unc": 0.04233485193621868,
      "sj_matching_unc": 0.07488610478359908
    }
  },
  "qqHH_CV_1_C2V_2_kl_1_HHbbVV": {
    "lp_sf": 0.866223508605899,
    "lp_sf_unc": 0.15577881291732443,
    "lp_sf_uncs": {
      "syst_unc": 0.1045461144084427,
      "stat_unc": 0.022123303224457304,
      "sj_pt_unc": 0.0983191741736928,
      "sj_matching_unc": 0.0564007797842312
    }
  },
  "qqHH_CV_1_C2V_1_kl_0_HHbbVV": {
    "lp_sf": 0.8663512651455564,
    "lp_sf_unc": 0.2248359086417961,
    "lp_sf_uncs": {
      "syst_unc": 0.21299424049757695,
      "stat_unc": 0.03231881661713755,
      "sj_pt_unc": 0.030447237649809996,
      "sj_matching_unc": 0.05668420539803177
    }
  },
  "qqHH_CV_0p5_C2V_1_kl_1_HHbbVV": {
    "lp_sf": 0.8374476904885308,
    "lp_sf_unc": 0.16535519306913948,
    "lp_sf_uncs": {
      "syst_unc": 0.11933736121978615,
      "stat_unc": 0.024969950723055905,
      "sj_pt_unc": 0.09578685435995876,
      "sj_matching_unc": 0.05746576532808804
    }
  },
  "2016APV": {
    "pass": {
      "trig_total": 11.007131989541966,
      "trig_total_err": 0.08698876980001267
    },
    "fail": {
      "trig_total": 111826.89991752019,
      "trig_total_err": 209.13860081773726
    }
  },
  "2017": {
    "pass": {
      "trig_total": 21.527068379450114,
      "trig_total_err": 0.15081342393484576
    },
    "fail": {
      "trig_total": 167045.2787886597,
      "trig_total_err": 271.9679961727548
    }
  },
  "2018": {
    "pass": {
      "trig_total": 33.110932425312974,
      "trig_total_err": 0.20760334718556842
    },
    "fail": {
      "trig_total": 199452.80078265804,
      "trig_total_err": 297.73064264289235
    }
  }
}
