,SF,sj_matching_unc,sj_pt_unc,stat_unc,syst_unc
HHbbVV,1.05 ± 0.24,0.15848520257971732,0.0007642843653683485,0.04559362169667419,0.15514468168906617
