,SF,sj_matching_unc,sj_pt_unc,stat_unc,syst_unc
HHbbVV,0.95 ± 0.28,0.1191523325514725,0.010841863482916728,0.07856434788501383,0.2561410936981489
