,SF,sj_matching_unc,sj_pt_unc,stat_unc,syst_unc
HHbbVV,1.05 ± 0.23,0.14920268947395537,0.0007821920510374409,0.048066903551757675,0.15303949989086268
