{
    "2016": {
        "passvbf": {
            "trig_total": 220387.58950218352,
            "trig_total_err": 4721.299383941915
        },
        "passggf": {
            "trig_total": 88950.57991860167,
            "trig_total_err": 396.85297230342957
        },
        "fail": {
            "trig_total": 634953.295072668,
            "trig_total_err": 1602.4416667825944
        },
        "prelpsf": {
            "trig_total": 1612308.4309997666,
            "trig_total_err": 13613.17299907845
        }
    },
    "passvbf": {
        "HHbbVV": {
            "lp_sf": 0.8349220320914853,
            "lp_sf_unc_up": 0.26041683174002545,
            "lp_sf_unc_down": 0.180884225698881,
            "lp_sf_uncs_sym": {
                "sys_unc": 0.1313039494826845,
                "np_unc": 0.03970796392225934,
                "stat_unc": 0.027762995957823625,
                "sj_pt_unc": 0.0066762555528868395
            },
            "lp_sf_uncs_asym": {
                "up": {
                    "dist": 0.08841872829249509,
                    "unmatched": 0.20091353577916612
                },
                "down": {
                    "dist": 0.06524884538137411,
                    "unmatched": 0.09396214877128371
                }
            }
        },
        "ggHH_kl_2p45_kt_1_HHbbVV": {
            "lp_sf": 0.8156157651144691,
            "lp_sf_unc_up": 0.2649061694251998,
            "lp_sf_unc_down": 0.18355684438125502,
            "lp_sf_uncs_sym": {
                "sys_unc": 0.13795259408029273,
                "np_unc": 0.03971168970942696,
                "stat_unc": 0.02792477961779576,
                "sj_pt_unc": 0.0075802744198938815
            },
            "lp_sf_uncs_asym": {
                "up": {
                    "dist": 0.08977112797141834,
                    "unmatched": 0.20167110053805112
                },
                "down": {
                    "dist": 0.06296429096501764,
                    "unmatched": 0.09101331107279687
                }
            }
        },
        "ggHH_kl_5_kt_1_HHbbVV": {
            "lp_sf": 0.8073443273401418,
            "lp_sf_unc_up": 0.3409665317858271,
            "lp_sf_unc_down": 0.2807011399378889,
            "lp_sf_uncs_sym": {
                "sys_unc": 0.2500646822236997,
                "np_unc": 0.043335325415119016,
                "stat_unc": 0.03749692885033715,
                "sj_pt_unc": 0.009228130826884591
            },
            "lp_sf_uncs_asym": {
                "up": {
                    "dist": 0.07873119771905909,
                    "unmatched": 0.21013828900878193
                },
                "down": {
                    "dist": 0.06706539015954284,
                    "unmatched": 0.09161817291858136
                }
            }
        },
        "ggHH_kl_0_kt_1_HHbbVV": {
            "lp_sf": 0.8519014386393099,
            "lp_sf_unc_up": 0.2814344761743651,
            "lp_sf_unc_down": 0.19798053985421077,
            "lp_sf_uncs_sym": {
                "sys_unc": 0.13914456714189105,
                "np_unc": 0.03357910995049799,
                "stat_unc": 0.02987061169440719,
                "sj_pt_unc": 0.005409156599961383
            },
            "lp_sf_uncs_asym": {
                "up": {
                    "dist": 0.11313128565758471,
                    "unmatched": 0.21212354177862586
                },
                "down": {
                    "dist": 0.09066729940292857,
                    "unmatched": 0.09780314602123807
                }
            }
        },
        "VBFHHbbVV": {
            "lp_sf": 0.914079294713519,
            "lp_sf_unc_up": 0.23135957353452855,
            "lp_sf_unc_down": 0.20354094289518565,
            "lp_sf_uncs_sym": {
                "sys_unc": 0.18087209892281284,
                "np_unc": 0.018430364460010208,
                "stat_unc": 0.022099075476447936,
                "sj_pt_unc": 0.004524920046018659
            },
            "lp_sf_uncs_asym": {
                "up": {
                    "dist": 0.07422310991707874,
                    "unmatched": 0.12022871403748346
                },
                "down": {
                    "dist": 0.07380917136396686,
                    "unmatched": 0.04917197490457946
                }
            }
        },
        "qqHH_CV_1_C2V_0_kl_1_HHbbVV": {
            "lp_sf": 0.8813418583607822,
            "lp_sf_unc_up": 0.15879050185103544,
            "lp_sf_unc_down": 0.09701572765161576,
            "lp_sf_uncs_sym": {
                "sys_unc": 0.07225579703334493,
                "np_unc": 0.01816401111543049,
                "stat_unc": 0.01658153217442111,
                "sj_pt_unc": 0.012703244301293326
            },
            "lp_sf_uncs_asym": {
                "up": {
                    "dist": 0.029015722680564467,
                    "unmatched": 0.13559262585285803
                },
                "down": {
                    "dist": 0.009617533546113435,
                    "unmatched": 0.057726972296377556
                }
            }
        },
        "qqHH_CV_1p5_C2V_1_kl_1_HHbbVV": {
            "lp_sf": 0.8797888177177846,
            "lp_sf_unc_up": 0.15962196546644675,
            "lp_sf_unc_down": 0.10190519500337371,
            "lp_sf_uncs_sym": {
                "sys_unc": 0.079255615443828,
                "np_unc": 0.018405751248805214,
                "stat_unc": 0.017551471999687773,
                "sj_pt_unc": 0.012630601929010008
            },
            "lp_sf_uncs_asym": {
                "up": {
                    "dist": 0.03241792735671424,
                    "unmatched": 0.13168310184837134
                },
                "down": {
                    "dist": 0.013860395754882512,
                    "unmatched": 0.05572026261007642
                }
            }
        },
        "qqHH_CV_1_C2V_1_kl_2_HHbbVV": {
            "lp_sf": 0.9642811481369489,
            "lp_sf_unc_up": 0.3478308854164374,
            "lp_sf_unc_down": 0.3337413167766443,
            "lp_sf_uncs_sym": {
                "sys_unc": 0.30550465275441835,
                "np_unc": 0.0003731321946687158,
                "stat_unc": 0.02921483856441763,
                "sj_pt_unc": 0.006273903765078337
            },
            "lp_sf_uncs_asym": {
                "up": {
                    "dist": 0.08019566547529076,
                    "unmatched": 0.1425793791034566
                },
                "down": {
                    "dist": 0.11597379512616741,
                    "unmatched": 0.06088714663056008
                }
            }
        },
        "qqHH_CV_1_C2V_2_kl_1_HHbbVV": {
            "lp_sf": 0.8903690241577081,
            "lp_sf_unc_up": 0.15180431683729673,
            "lp_sf_unc_down": 0.08858481576481626,
            "lp_sf_uncs_sym": {
                "sys_unc": 0.06346025856730726,
                "np_unc": 0.01665870622834464,
                "stat_unc": 0.015117547980787184,
                "sj_pt_unc": 0.012126044579955433
            },
            "lp_sf_uncs_asym": {
                "up": {
                    "dist": 0.02926273442104925,
                    "unmatched": 0.13231759089366485
                },
                "down": {
                    "dist": 0.01121504895237639,
                    "unmatched": 0.05514702291460518
                }
            }
        },
        "qqHH_CV_1_C2V_1_kl_0_HHbbVV": {
            "lp_sf": 0.9235964157802775,
            "lp_sf_unc_up": 0.20285976929133456,
            "lp_sf_unc_down": 0.13994390270251839,
            "lp_sf_uncs_sym": {
                "sys_unc": 0.1181790478317991,
                "np_unc": 0.009890540456244712,
                "stat_unc": 0.01736279352319272,
                "sj_pt_unc": 0.004202821586722728
            },
            "lp_sf_uncs_asym": {
                "up": {
                    "dist": 0.05849754629651894,