{
    "passvbf": {
        "qqHH_CV_1_C2V_0_kl_1_HHbbVV": {
            "lp_sf": 0.9319151497178899,
            "lp_sf_unc": 0.2875145732655031,
            "lp_sf_uncs": {
                "syst_unc": 0.16385915333386447,
                "stat_unc": 0.05553290977152946,
                "sj_pt_unc": 0.015475147785647868,
                "sj_matching_unc": 0.22911006839960782
            }
        },
        "HHbbVV": {
            "lp_sf": 0.9503388492177763,
            "lp_sf_unc": 0.29342024639707515,
            "lp_sf_uncs": {
                "syst_unc": 0.2561410936981489,
                "stat_unc": 0.07856434788501383,
                "sj_pt_unc": 0.010841863482916728,
                "sj_matching_unc": 0.1191523325514725
            }
        },
        "ggHH_kl_2p45_kt_1_HHbbVV": {
            "lp_sf": 0.9811093427797604,
            "lp_sf_unc": 0.298330990762476,
            "lp_sf_uncs": {
                "syst_unc": 0.256817559100826,
                "stat_unc": 0.08162761649790178,
                "sj_pt_unc": 0.009575297858818856,
                "sj_matching_unc": 0.12763764053993107
            }
        },
        "ggHH_kl_5_kt_1_HHbbVV": {
            "lp_sf": 0.9826126459399465,
            "lp_sf_unc": 0.5931596363634637,
            "lp_sf_uncs": {
                "syst_unc": 0.5694331197556697,
                "stat_unc": 0.07524985450900107,
                "sj_pt_unc": 0.015874863024629263,
                "sj_matching_unc": 0.14720640086791428
            }
        },
        "ggHH_kl_0_kt_1_HHbbVV": {
            "lp_sf": 0.9650480647161521,
            "lp_sf_unc": 0.30122315489384854,
            "lp_sf_uncs": {
                "syst_unc": 0.26474504264374177,
                "stat_unc": 0.07726988547265556,
                "sj_pt_unc": 0.005763758045281085,
                "sj_matching_unc": 0.12100246002460024
            }
        },
        "VBFHHbbVV": {
            "lp_sf": 1.080002849552601,
            "lp_sf_unc": 0.4250402455569426,
            "lp_sf_uncs": {
                "syst_unc": 0.3785623057161032,
                "stat_unc": 0.05098078240779178,
                "sj_pt_unc": 0.006963134878500602,
                "sj_matching_unc": 0.18628544122331953
            }
        },
        "qqHH_CV_1p5_C2V_1_kl_1_HHbbVV": {
            "lp_sf": 0.9372668181396107,
            "lp_sf_unc": 0.2873094241175371,
            "lp_sf_uncs": {
                "syst_unc": 0.16601240523773378,
                "stat_unc": 0.05626640929917863,
                "sj_pt_unc": 0.01510216000856959,
                "sj_matching_unc": 0.22714005028084797
            }
        },
        "qqHH_CV_1_C2V_1_kl_2_HHbbVV": {
            "lp_sf": 0.993699636496845,
            "lp_sf_unc": 0.6581904861573327,
            "lp_sf_uncs": {
                "syst_unc": 0.6286761320266583,
                "stat_unc": 0.06549445688986373,
                "sj_pt_unc": 0.008613438799934335,
                "sj_matching_unc": 0.18335027100271
            }
        },
        "qqHH_CV_1_C2V_2_kl_1_HHbbVV": {
            "lp_sf": 0.9380976581614738,
            "lp_sf_unc": 0.2878529134781984,
            "lp_sf_uncs": {
                "syst_unc": 0.16474240244610602,
                "stat_unc": 0.05481188403763621,
                "sj_pt_unc": 0.015422563392670808,
                "sj_matching_unc": 0.22907868198681472
            }
        },
        "qqHH_CV_1_C2V_1_kl_0_HHbbVV": {
            "lp_sf": 1.0349946608219183,
            "lp_sf_unc": 0.3474694542498509,
            "lp_sf_uncs": {
                "syst_unc": 0.29483513160566605,
                "stat_unc": 0.0501903719870131,
                "sj_pt_unc": 0.005015141340947516,
                "sj_matching_unc": 0.17681357901726427
            }
        }
    },
    "passggf": {
        "HHbbVV": {
            "lp_sf": 1.0485638725720683,
            "lp_sf_unc": 0.20997761350805813,
            "lp_sf_uncs": {
                "syst_unc": 0.15547108995331937,
                "stat_unc": 0.052725000489440246,
                "sj_pt_unc": 0.0008406838149166883,
                "sj_matching_unc": 0.13091488050400601
            }
        },
        "qqHH_CV_1_C2V_0_kl_1_HHbbVV": {
            "lp_sf": 1.0937644435666565,
            "lp_sf_unc": 0.14342666868831272,
            "lp_sf_uncs": {
                "syst_unc": 0.03303114307825116,
                "stat_unc": 0.05057432713961918,
                "sj_pt_unc": 0.008476493191679247,
                "sj_matching_unc": 0.12980962743771093
            }
        },
        "ggHH_kl_2p45_kt_1_HHbbVV": {
            "lp_sf": 1.0621228889206078,
            "lp_sf_unc": 0.23176920120957253,
            "lp_sf_uncs": {
                "syst_unc": 0.18449596083782271,
                "stat_unc": 0.052139632936191366,
                "sj_pt_unc": 0.0011015308978873644,
                "sj_matching_unc": 0.13022460739358033
            }
        },
        "ggHH_kl_5_kt_1_HHbbVV": {
            "lp_sf": 1.0473616562363346,
            "lp_sf_unc": 0.45221755936231744,
            "lp_sf_uncs": {
                "syst_unc": 0.4292185437303008,
                "stat_unc": 0.05705279712908716,
                "sj_pt_unc": 0.002022527917527146,
                "sj_matching_unc": 0.13043408463366082
            }
        },
        "ggHH_kl_0_kt_1_HHbbVV": {
            "lp_sf": 1.0759400266679267,
            "lp_sf_unc": 0.23882392863902652,
            "lp_sf_uncs": {
                "syst_unc": 0.19363569662906102,
                "stat_unc": 0.04805358758717962,
                "sj_pt_unc": 0.0012310273749170366,
                "sj_matching_unc": 0.13126851554413393
            }
        },
        "VBFHHbbVV": {
            "lp_sf": 1.2044880688121518,
            "lp_sf_unc": 0.353023041840511,
            "lp_sf_uncs": {
                "syst_unc": 0.3216538280997532,
                "stat_unc": 0.06444196436834324,
                "sj_pt_unc": 0.0028488466857702153,
                "sj_matching_unc": 0.13039631988676575
            }
        },
        "qqHH_CV_1p5_C2V_1_kl_1_HHbbVV": {
            "lp_sf": 1.1023008814651754,
            "lp_sf_unc": 0.14550423531856574,
            "lp_sf_uncs": {
                "syst_unc": 0.03271944135794986,
                "stat_unc": 0.05153270367148423,
                "sj_pt_unc": 0.007760256696476223,
                "sj_matching_unc": 0.13185249152433953
            }
        },
        "qqHH_CV_1_C2V_1_kl_2_HHbbVV": {
            "lp_sf": 1.2121489471482003,
            "lp_sf_unc": 0.5429759372435167,
            "lp_sf_uncs": {
                "syst_unc": 0.5190758550370681,
                "stat_unc": 0.06572517998898467,
                "sj_pt_unc": 0.004735872125170259,
                "sj_matching_unc": 0.1450548081714001
            }
        },
        "qqHH_CV_1_C2V_2_kl_1_HHbbVV": {
            "lp_sf": 1.1056620861069009,
            "lp_sf_unc": 0.1429245409759058,
            "lp_sf_uncs": {
                "syst_unc": 0.030416095507838786,
                "stat_unc": 0.050672231786605404,
                "sj_pt_unc": 0.009017349200461032,
                "sj_matching_unc": 0.1298202522197245
            }
        },
        "qqHH_CV_1_C2V_1_kl_0_HHbbVV": {
            "lp_sf": 1.1073994248910057,
            "lp_sf_unc": 0.284311228607152,
            "lp_sf_uncs": {
                "syst_unc": 0.2461089592131286,
                "stat_unc": 0.05875497175576201,
                "sj_pt_unc": 0.0020857539488056587,
                "sj_matching_unc": 0.12964088024841366
            }
        }
    },
    "2016": {
        "passggf": {
            "trig_total": 50915.82779404082,
            "trig_total_err": 239.57665248007672
        },
        "fail": {
            "trig_total": 2191129.51425094,
            "trig_total_err": 3393.9771949494093
        },
        "passvbf": {
            "trig_total": 154861.2273932935,