,Pre-selection,bbFatJetPt_JER_down >= 350,VVFatJetPt_JER_down >= 350,bbFatJetPt_JER_down >= 400 or VVFatJetPt_JER_down >= 400,110 ≤ bbFatJetParticleNetMass < 145,bbFatJetParticleNetMD_Txbb >= 0.988,VVFatJetParTMD_THWWvsT >= 0.6,0 ≤ nGoodElectronsHbb < 0.9,0 ≤ nGoodMuonsHbb < 0.9
X[3000]->H(bb)Y[250](VV),40.53369321772518,40.491321635304935,40.43434490136091,40.430680696050985,32.07717183966708,20.853393040257043,11.732441616089945,11.724383992987923,11.69493018458575
