,Pre-selection,bbFatJetPt_JER_up >= 350,VVFatJetPt_JER_up >= 350,bbFatJetPt_JER_up >= 400 or VVFatJetPt_JER_up >= 400,0 ≤ nGoodElectronsHbb < 0.9,0 ≤ nGoodMuonsHbb < 0.9
X[3000]->H(bb)Y[250](VV),40.53369321772518,40.48955979298471,40.4323650505945,40.42889071505595,40.3819899332776,40.25053438575874
