{
    "2016": {
        "passggf": {
            "trig_total": 50915.82779404082,
            "trig_total_err": 239.57665248007672
        },
        "fail": {
            "trig_total": 2191129.51425094,
            "trig_total_err": 3393.9771949494093
        }
    },
    "passggf": {
        "HHbbVV": {
            "lp_sf": 1.0485638725720683,
            "lp_sf_unc": 0.20997761350805813,
            "lp_sf_uncs": {
                "syst_unc": 0.15547108995331937,
                "stat_unc": 0.052725000489440246,
                "sj_pt_unc": 0.0008406838149166883,
                "sj_matching_unc": 0.13091488050400601
            }
        },
        "qqHH_CV_1_C2V_0_kl_1_HHbbVV": {
            "lp_sf": 1.0937644435666565,
            "lp_sf_unc": 0.14342666868831272,
            "lp_sf_uncs": {
                "syst_unc": 0.03303114307825116,
                "stat_unc": 0.05057432713961918,
                "sj_pt_unc": 0.008476493191679247,
                "sj_matching_unc": 0.12980962743771093
            }
        },
        "ggHH_kl_2p45_kt_1_HHbbVV": {
            "lp_sf": 1.0621228889206078,
            "lp_sf_unc": 0.23176920120957253,
            "lp_sf_uncs": {
                "syst_unc": 0.18449596083782271,
                "stat_unc": 0.052139632936191366,
                "sj_pt_unc": 0.0011015308978873644,
                "sj_matching_unc": 0.13022460739358033
            }
        },
        "ggHH_kl_5_kt_1_HHbbVV": {
            "lp_sf": 1.0473616562363346,
            "lp_sf_unc": 0.45221755936231744,
            "lp_sf_uncs": {
                "syst_unc": 0.4292185437303008,
                "stat_unc": 0.05705279712908716,
                "sj_pt_unc": 0.002022527917527146,
                "sj_matching_unc": 0.13043408463366082
            }
        },
        "ggHH_kl_0_kt_1_HHbbVV": {
            "lp_sf": 1.0759400266679267,
            "lp_sf_unc": 0.23882392863902652,
            "lp_sf_uncs": {
                "syst_unc": 0.19363569662906102,
                "stat_unc": 0.04805358758717962,
                "sj_pt_unc": 0.0012310273749170366,
                "sj_matching_unc": 0.13126851554413393
            }
        },
        "VBFHHbbVV": {
            "lp_sf": 1.2044880688121518,
            "lp_sf_unc": 0.353023041840511,
            "lp_sf_uncs": {
                "syst_unc": 0.3216538280997532,
                "stat_unc": 0.06444196436834324,
                "sj_pt_unc": 0.0028488466857702153,
                "sj_matching_unc": 0.13039631988676575
            }
        },
        "qqHH_CV_1p5_C2V_1_kl_1_HHbbVV": {
            "lp_sf": 1.1023008814651754,
            "lp_sf_unc": 0.14550423531856574,
            "lp_sf_uncs": {
                "syst_unc": 0.03271944135794986,
                "stat_unc": 0.05153270367148423,
                "sj_pt_unc": 0.007760256696476223,
                "sj_matching_unc": 0.13185249152433953
            }
        },
        "qqHH_CV_1_C2V_1_kl_2_HHbbVV": {
            "lp_sf": 1.2121489471482003,
            "lp_sf_unc": 0.5429759372435167,
            "lp_sf_uncs": {
                "syst_unc": 0.5190758550370681,
                "stat_unc": 0.06572517998898467,
                "sj_pt_unc": 0.004735872125170259,
                "sj_matching_unc": 0.1450548081714001
            }
        },
        "qqHH_CV_1_C2V_2_kl_1_HHbbVV": {
            "lp_sf": 1.1056620861069009,
            "lp_sf_unc": 0.1429245409759058,
            "lp_sf_uncs": {
                "syst_unc": 0.030416095507838786,
                "stat_unc": 0.050672231786605404,
                "sj_pt_unc": 0.009017349200461032,
                "sj_matching_unc": 0.1298202522197245
            }
        },
        "qqHH_CV_1_C2V_1_kl_0_HHbbVV": {
            "lp_sf": 1.1073994248910057,
            "lp_sf_unc": 0.284311228607152,
            "lp_sf_uncs": {
                "syst_unc": 0.2461089592131286,
                "stat_unc": 0.05875497175576201,
                "sj_pt_unc": 0.0020857539488056587,
                "sj_matching_unc": 0.12964088024841366
            }
        }
    },
    "2016APV": {
        "passggf": {
            "trig_total": 55833.275262157826,
            "trig_total_err": 223.36784381564917
        },
        "fail": {
            "trig_total": 2578476.2790518906,
            "trig_total_err": 3693.285504726755
        }
    },
    "2017": {
        "passggf": {
            "trig_total": 102355.62179913961,
            "trig_total_err": 315.06525681737253
        },
        "fail": {
            "trig_total": 2460502.005127463,
            "trig_total_err": 2704.983599867493
        }
    },
    "2018": {
        "passggf": {
            "trig_total": 73034.45136978127,
            "trig_total_err": 211.73411925127883
        },
        "fail": {
            "trig_total": 1876156.0255485063,
            "trig_total_err": 1795.8409437101016
        }
    }
}
