,Pre-selection,bbFatJetPt >= 350,VVFatJetPt >= 350,bbFatJetPt >= 400 or VVFatJetPt >= 400,92.5 ≤ bbFatJetParticleNetMass_JMR_up < 110 or 145 ≤ bbFatJetParticleNetMass_JMR_up < 162.5,bbFatJetParticleNetMD_Txbb >= 0.9883,VVFatJetParTMD_THWWvsT >= 0.6,0 ≤ nGoodElectronsHbb < 0.9,0 ≤ nGoodMuonsHbb < 0.9
X[2000]->H(bb)Y[125](VV),13.645380198651887,13.553646552345858,13.50957450657585,13.486513227507807,2.809973351330762,1.4656268061973927,0.8047528488878574,0.8038010198208805,0.8020704974547244
