,Pre-selection,bbFatJetPt_JER_up >= 350,VVFatJetPt_JER_up >= 350,bbFatJetPt_JER_up >= 400 or VVFatJetPt_JER_up >= 400,110 ≤ bbFatJetParticleNetMass < 145,bbFatJetParticleNetMD_Txbb >= 0.9883,VVFatJetParTMD_THWWvsT >= 0.6,0 ≤ nGoodElectronsHbb < 0.9,0 ≤ nGoodMuonsHbb < 0.9
X[2000]->H(bb)Y[125](VV),13.645380198651887,13.553423134756088,13.509412457835602,13.486244600263523,10.54259273330675,6.184445234358091,3.3954660395132388,3.392125987895234,3.3851861296765193
