,Pre-selection,bbFatJetPt_JER_down >= 350,VVFatJetPt_JER_down >= 350,bbFatJetPt_JER_down >= 400 or VVFatJetPt_JER_down >= 400,0 ≤ nGoodElectronsHbb < 0.9,0 ≤ nGoodMuonsHbb < 0.9
X[2000]->H(bb)Y[125](VV),13.645380198651887,13.55350346468294,13.509828899306866,13.486386220236401,13.470035956960592,13.426840210494369
