,SF,sj_matching_unc,sj_pt_unc,stat_unc,syst_unc
HHbbVV,1.06 ± 0.19,0.10923494841873838,0.0015758028076578723,0.0578618154954204,0.1241922213547457
