,SF,sj_matching_unc,sj_pt_unc,stat_unc,syst_unc
HHbbVV,1.05 ± 0.22,0.13252375382215928,0.0010085470364594865,0.053019131649473916,0.14843108416232018
