,SF,syst_unc,stat_unc,sj_pt_unc,sj_matching_unc
X[3000]->H(bb)Y[190](VV),0.74 ± 0.32,0.2890926764027163,0.031991944745726336,0.3158717420174845,0.07131712523525913
