,SF,sj_matching_unc,sj_pt_unc,stat_unc,syst_unc
qqHH_CV_1_C2V_0_kl_1_HHbbVV,0.94 ± 0.28,0.2556428471512181,0.013588845299457582,0.046462089625338814,0.1530167942776775
