,Pre-selection,TriggerEffs,QCD SF,LP SF,bbFatJetPt ≥ 300,VVFatJetPt ≥ 300,BDTScore_JMS_up ≥ 0.99,bbFatJetParticleNetMD_Txbb ≥ 0.988,BDTScore ≥ 0.99
HHbbVV,4.195008340515057,1.9850190976132749,1.9850190976132749,1.9850190976132749,1.9790901153021438,1.9741353376747495,0.4370165969622819,0.2036656475038004,
QCD,3048446.9999554865,1299994.2424323014,1390671.9664265167,1390671.9664265167,1385454.619714917,1381545.5391913892,1028.8195766491308,54.490732710325375,
TT,193771.92446254156,108971.33199740764,108971.33199740764,108971.33199740764,108596.03805506787,108188.94416321091,211.93290882047052,12.408279755038624,
ST,13841.807461920154,8207.352255699509,8207.352255699509,8207.352255699509,8173.542421368004,8153.934084007797,23.9490178441583,1.7450542503055944,
V+Jets,85738.12281680925,44939.42374107139,44939.42374107139,44939.42374107139,44778.32337141719,44666.99864531666,97.83176913072596,12.966936348925795,
Diboson,1314.1944037157127,717.9255793045147,717.9255793045147,717.9255793045147,715.766317507949,713.451753186686,0.5073726372407099,0.24553126292888253,
Data,1553508.0,1553508.0,1553508.0,1553508.0,1553508.0,1553508.0,,198.0,2492.0
