,Pre-selection,bbFatJetPt >= 350,VVFatJetPt >= 350,bbFatJetPt >= 400 or VVFatJetPt >= 400,92.5 ≤ bbFatJetParticleNetMass_JMS_down < 110 or 145 ≤ bbFatJetParticleNetMass_JMS_down < 162.5,0.8 ≤ bbFatJetParticleNetMD_Txbb < 0.9883,VVFatJetParTMD_THWWvsT < 0.6,0 ≤ nGoodElectronsHbb < 0.9,0 ≤ nGoodMuonsHbb < 0.9
X[1200]->H(bb)Y[190](VV),8.755547697834965,8.450242709206394,8.263249240205123,8.163587083156541,1.4691445877164728,0.8166372963337177,0.40760759779109335,0.4068162874067509,0.4028710451116177
