,Pre-selection,bbFatJetPt_JES_up >= 350,VVFatJetPt_JES_up >= 350,bbFatJetPt_JES_up >= 400 or VVFatJetPt_JES_up >= 400,110 ≤ bbFatJetParticleNetMass < 145,bbFatJetParticleNetMD_Txbb >= 0.9883,VVFatJetParTMD_THWWvsT >= 0.6,0 ≤ nGoodElectronsHbb < 0.9,0 ≤ nGoodMuonsHbb < 0.9
X[1200]->H(bb)Y[190](VV),8.755547697834965,8.474390678457521,8.299364434937653,8.208596934639138,6.0745193437869585,3.267243135706802,1.6440749160552373,1.642255627225157,1.6377285010950318
