,SF,sj_matching_unc,sj_pt_unc,stat_unc,syst_unc
HHbbVV,1.03 ± 0.39,0.34256778116770603,0.00045829046429410157,0.01932958511018341,0.15353462191731768
