{"2016APV": {"pass": {"trig_total": 0.0, "trig_total_err": 0.0}, "fail": {"trig_total": 2660504.74319953, "trig_total_err": 4119.442774242709}}, "HHbbVV": {"lp_sf": NaN, "lp_sf_unc": NaN, "lp_sf_uncs": {"syst_unc": NaN, "stat_unc": NaN, "sj_pt_unc": NaN, "sj_matching_unc": NaN}}, "qqHH_CV_1_C2V_0_kl_1_HHbbVV": {"lp_sf": 0.8970256581702697, "lp_sf_unc": 0.6964215796453239, "lp_sf_uncs": {"syst_unc": 0.40687767411472114, "stat_unc": 0.5648338569890198, "sj_pt_unc": 0.020403159108104925, "sj_matching_unc": 0.0}}, "2016": {"pass": {"trig_total": 0.0, "trig_total_err": 0.0}, "fail": {"trig_total": 2279925.507221415, "trig_total_err": 3872.4562812405525}}, "2018": {"pass": {"trig_total": 0.0, "trig_total_err": 0.0}, "fail": {"trig_total": 1842338.4174895105, "trig_total_err": 1991.002296784295}}}
