,SF,sj_matching_unc,sj_pt_unc,stat_unc,syst_unc
qqHH_CV_1_C2V_0_kl_1_HHbbVV,0.96 ± 0.30,0.28348332828064565,0.010309318508302266,0.03584213038629429,0.13317300147803565
