,Pre-selection,bbFatJetPt >= 350,VVFatJetPt >= 350,bbFatJetPt >= 400 or VVFatJetPt >= 400,110 ≤ bbFatJetParticleNetMass_JMS_down < 145,bbFatJetParticleNetMD_Txbb >= 0.9883,VVFatJetParTMD_THWWvsT >= 0.6
X[2000]->H(bb)Y[125](VV),11.480817040428816,11.410698023999368,11.378415235798016,11.358076130255965,8.921485917862594,5.249940641542927,2.9268064230747366
