,Pre-selection,bbFatJetPt_JER_up >= 350,VVFatJetPt_JER_up >= 350,bbFatJetPt_JER_up >= 400 or VVFatJetPt_JER_up >= 400,92.5 ≤ bbFatJetParticleNetMass < 110 or 145 ≤ bbFatJetParticleNetMass < 162.5,bbFatJetParticleNetMD_Txbb >= 0.9883,VVFatJetParTMD_THWWvsT >= 0.6
X[2000]->H(bb)Y[125](VV),11.480817040428816,11.410603848717315,11.377793194795807,11.357882112741795,1.8256679831460658,0.8873888695201039,0.4899635154743327
