{
  "2016APV": {},
  "HHbbVV": {
    "lp_sf": 1.0523236766458057,
    "lp_sf_unc": 0.2059280883238298,
    "lp_sf_uncs": {
      "syst_unc": 0.14843108416232018,
      "stat_unc": 0.053019131649473916,
      "sj_pt_unc": 0.0010085470364594865,
      "sj_matching_unc": 0.13252375382215928
    }
  },
  "ggHH_kl_2p45_kt_1_HHbbVV": {
    "lp_sf": 1.0573954811207602,
    "lp_sf_unc": 0.2345664092930007,
    "lp_sf_uncs": {
      "syst_unc": 0.18735041753780277,
      "stat_unc": 0.052945755319021466,
      "sj_pt_unc": 0.0009981043594021765,
      "sj_matching_unc": 0.13083184703430797
    }
  },
  "ggHH_kl_5_kt_1_HHbbVV": {
    "lp_sf": 1.0485713430020853,
    "lp_sf_unc": 0.4592355147526514,
    "lp_sf_uncs": {
      "syst_unc": 0.4358969734531491,
      "stat_unc": 0.05606305915035056,
      "sj_pt_unc": 0.0026265042252607744,
      "sj_matching_unc": 0.13319580105534973
    }
  },
  "ggHH_kl_0_kt_1_HHbbVV": {
    "lp_sf": 1.0614474122384903,
    "lp_sf_unc": 0.25211019274977114,
    "lp_sf_uncs": {
      "syst_unc": 0.21166229055381605,
      "stat_unc": 0.047897725123521605,
      "sj_pt_unc": 0.001245194942049855,
      "sj_matching_unc": 0.12830776072937514
    }
  },
  "VBFHHbbVV": {
    "lp_sf": 1.1521498823927026,
    "lp_sf_unc": 0.3731570899880643,
    "lp_sf_uncs": {
      "syst_unc": 0.34459587065675773,
      "stat_unc": 0.06462566095757939,
      "sj_pt_unc": 0.002342765071195787,
      "sj_matching_unc": 0.12774167343623072
    }
  },
  "qqHH_CV_1_C2V_0_kl_1_HHbbVV": {
    "lp_sf": 1.0324695363239789,
    "lp_sf_unc": 0.1428437482683443,
    "lp_sf_uncs": {
      "syst_unc": 0.021080005654748293,
      "stat_unc": 0.061028709004741,
      "sj_pt_unc": 0.0022022475788392283,
      "sj_matching_unc": 0.12739943706218657
    }
  },
  "qqHH_CV_1p5_C2V_1_kl_1_HHbbVV": {
    "lp_sf": 1.0351954000445756,
    "lp_sf_unc": 0.146600214399511,
    "lp_sf_uncs": {
      "syst_unc": 0.03333681888420414,
      "stat_unc": 0.061075964263504486,
      "sj_pt_unc": 0.0026326462419378363,
      "sj_matching_unc": 0.12900804289544235
    }
  },
  "qqHH_CV_1_C2V_1_kl_2_HHbbVV": {
    "lp_sf": 1.0922732565390716,
    "lp_sf_unc": 0.5614318659664584,
    "lp_sf_uncs": {
      "syst_unc": 0.5425220650390423,
      "stat_unc": 0.06540693579657265,
      "sj_pt_unc": 0.0033412715205596395,
      "sj_matching_unc": 0.12878787878787878
    }
  },
  "qqHH_CV_1_C2V_2_kl_1_HHbbVV": {
    "lp_sf": 1.0388942894109434,
    "lp_sf_unc": 0.1458226283225707,
    "lp_sf_uncs": {
      "syst_unc": 0.03003585406110527,
      "stat_unc": 0.06059406746841113,
      "sj_pt_unc": 0.0023549732322144727,
      "sj_matching_unc": 0.12917004099415536
    }
  },
  "qqHH_CV_1_C2V_1_kl_0_HHbbVV": {
    "lp_sf": 1.1086684866338297,
    "lp_sf_unc": 0.2916780534700748,
    "lp_sf_uncs": {
      "syst_unc": 0.26011607833128364,
      "stat_unc": 0.05965950051543285,
      "sj_pt_unc": 0.0026538695663392126,
      "sj_matching_unc": 0.11768353174603176
    }
  }
}
