,SF,sj_matching_unc,sj_pt_unc,stat_unc,syst_unc
HHbbVV,1.06 ± 0.23,0.15252447686696102,0.0010979235880149072,0.04705868137960407,0.14517395505308311
