{"2016": {"pass": {"trig_total": 35428.46861688447, "trig_total_err": 169.70344916739498}, "fail": {"trig_total": 2191129.51425094, "trig_total_err": 3393.9771949494093}}, "HHbbVV": {"lp_sf": 1.0662593442284205, "lp_sf_unc": 0.2047565290328658, "lp_sf_uncs": {"syst_unc": 0.14598202622273043, "stat_unc": 0.05148331216012263, "sj_pt_unc": 0.001247443129251291, "sj_matching_unc": 0.1340238659946635}}, "ggHH_kl_2p45_kt_1_HHbbVV": {"lp_sf": 1.0693290380075762, "lp_sf_unc": 0.22927793677664063, "lp_sf_uncs": {"syst_unc": 0.17956551979020804, "stat_unc": 0.05030712816542529, "sj_pt_unc": 0.0015492274792712067, "sj_matching_unc": 0.133384366194058}}, "ggHH_kl_5_kt_1_HHbbVV": {"lp_sf": 1.0420725153882187, "lp_sf_unc": 0.4461475838812194, "lp_sf_uncs": {"syst_unc": 0.42228077211173504, "stat_unc": 0.056933276148314574, "sj_pt_unc": 0.0021358928909425592, "sj_matching_unc": 0.132214432405637}}, "ggHH_kl_0_kt_1_HHbbVV": {"lp_sf": 1.0786376144923473, "lp_sf_unc": 0.23549798121084353, "lp_sf_uncs": {"syst_unc": 0.18802466669437753, "stat_unc": 0.04677117041119837, "sj_pt_unc": 0.0013923149361936122, "sj_matching_unc": 0.13385269121813032}}, "VBFHHbbVV": {"lp_sf": 1.1440574909140442, "lp_sf_unc": 0.3745745167634114, "lp_sf_uncs": {"syst_unc": 0.33885390804614135, "stat_unc": 0.07214685472282997, "sj_pt_unc": 0.0031249304090568263, "sj_matching_unc": 0.14236981342244498}}, "qqHH_CV_1_C2V_0_kl_1_HHbbVV": {"lp_sf": 1.1521242408301495, "lp_sf_unc": 0.16622879897882822, "lp_sf_uncs": {"syst_unc": 0.07292706311681453, "stat_unc": 0.045625313188677664, "sj_pt_unc": 0.014401260847208417, "sj_matching_unc": 0.1415082738130374}}, "qqHH_CV_1p5_C2V_1_kl_1_HHbbVV": {"lp_sf": 1.1567262404590182, "lp_sf_unc": 0.16535310662904998, "lp_sf_uncs": {"syst_unc": 0.06538008057637573, "stat_unc": 0.048358921881093066, "sj_pt_unc": 0.013140837153129317, "sj_matching_unc": 0.1433730379433939}}, "qqHH_CV_1_C2V_1_kl_2_HHbbVV": {"lp_sf": 1.2828091312247394, "lp_sf_unc": 0.5413082991966917, "lp_sf_uncs": {"syst_unc": 0.5122756018431425, "stat_unc": 0.07069633096469839, "sj_pt_unc": 0.005876942326497809, "sj_matching_unc": 0.159862043251305}}, "qqHH_CV_1_C2V_2_kl_1_HHbbVV": {"lp_sf": 1.1728086092114292, "lp_sf_unc": 0.1714770057438331, "lp_sf_uncs": {"syst_unc": 0.07998276493486906, "stat_unc": 0.04533190877429473, "sj_pt_unc": 0.015784940688716022, "sj_matching_unc": 0.14388528245299026}}, "qqHH_CV_1_C2V_1_kl_0_HHbbVV": {"lp_sf": 1.1170616283329893, "lp_sf_unc": 0.2929500967953235, "lp_sf_uncs": {"syst_unc": 0.25356670143465737, "stat_unc": 0.05764122579902412, "sj_pt_unc": 0.0026072690481566576, "sj_matching_unc": 0.134886538885217}}, "2016APV": {"pass": {"trig_total": 38500.12454948732, "trig_total_err": 145.32670570366125}, "fail": {"trig_total": 2578476.2790518906, "trig_total_err": 3693.285504726755}}, "2017": {"pass": {"trig_total": 65678.89161826814, "trig_total_err": 207.86047980915436}, "fail": {"trig_total": 2460502.005127463, "trig_total_err": 2704.983599867493}}, "2018": {"pass": {"trig_total": 46677.8895927491, "trig_total_err": 137.1808889147677}, "fail": {"trig_total": 1876156.0255485063, "trig_total_err": 1795.8409437101016}}}
