,SF,sj_matching_unc,sj_pt_unc,stat_unc,syst_unc
HHbbVV,1.06 ± 0.27,0.19282317159737467,0.0008033912485202273,0.03959316141647326,0.15927236637073452
