{"2016APV": {"pass": {"trig_total": 11222.674148724276, "trig_total_err": 95.7410435351886}, "fail": {"trig_total": 2039029.4499765574, "trig_total_err": 3343.171767487172}}, "HHbbVV": {"lp_sf": 1.0584695374301767, "lp_sf_unc": 0.2532128078566588, "lp_sf_uncs": {"syst_unc": 0.15927236637073452, "stat_unc": 0.03959316141647326, "sj_pt_unc": 0.0008033912485202273, "sj_matching_unc": 0.19282317159737467}}}
