,SF,syst_unc,stat_unc,sj_pt_unc,sj_matching_unc
HHbbVV,1.01 ± 0.19,0.06460772981262962,0.017332146453743764,0.021251038390264338,0.17689673371531894
