,Pre-selection,TriggerEffs,QCD SF,LP SF,bbFatJetPt ≥ 300,VVFatJetPt ≥ 300,BDTScore ≥ 0.4,bbFatJetParticleNetMD_Txbb ≥ 0.988
HHbbVV,4.195008340515057,1.9850190976132749,1.9850190976132749,1.9850190976132749,1.9790901153021438,1.9741353376747495,1.7904712324656602,0.8273167519652872
QCD,3048446.9999554865,1299994.2424323014,1390671.9664265167,1390671.9664265167,1385454.619714917,1381545.5391913892,268810.8616236895,22020.082210236822
TT,193771.92446254156,108971.33199740764,108971.33199740764,108971.33199740764,108596.03805506787,108188.94416321091,28862.743402772117,1824.141813594097
ST,13841.807461920154,8207.352255699509,8207.352255699509,8207.352255699509,8173.542421368004,8153.934084007797,2806.3927911510673,193.48056002088077
V+Jets,85738.12281680925,44939.42374107139,44939.42374107139,44939.42374107139,44778.32337141719,44666.99864531666,11301.807309835276,2027.8096293857955
Diboson,1314.1944037157127,717.9255793045147,717.9255793045147,717.9255793045147,715.766317507949,713.451753186686,130.03983457269555,44.17636818958185
Data,1553508.0,1553508.0,1553508.0,1553508.0,1553508.0,1553508.0,426562.0,31140.0
