,SF,sj_matching_unc,sj_pt_unc,stat_unc,syst_unc
qqHH_CV_1_C2V_0_kl_1_HHbbVV,0.87 ± 0.27,0.19066847512847326,0.026872994023892496,0.08141060821070911,0.2328844359537623
