,SF,syst_unc,stat_unc,sj_pt_unc,sj_matching_unc
HHbbVV,1.01 ± 0.19,0.0668613492047782,0.018106569565754328,0.021164411566505895,0.17703388076615353
