,SF,sj_matching_unc,sj_pt_unc,stat_unc,syst_unc
HHbbVV,1.05 ± 0.31,0.23908269412630032,0.0005745877633534463,0.03228660246123966,0.16236111981893994
