,SF,syst_unc,stat_unc,sj_pt_unc,sj_matching_unc
HHbbVV,1.01 ± 0.19,0.06578077448169925,0.017863537483274444,0.02124767344843078,0.17667096575703214
