,SF,sj_matching_unc,sj_pt_unc,stat_unc,syst_unc
HHbbVV,1.05 ± 0.15,0.08109017496635262,0.00228878573496207,0.06975170288492934,0.10132534480685121
