,Pre-selection,bbFatJetPt_JES_up >= 350,VVFatJetPt_JES_up >= 350,bbFatJetPt_JES_up >= 400 or VVFatJetPt_JES_up >= 400,92.5 ≤ bbFatJetParticleNetMass < 110 or 145 ≤ bbFatJetParticleNetMass < 162.5,0.8 ≤ bbFatJetParticleNetMD_Txbb < 0.987,VVFatJetParTMD_THWWvsT < 0.6,0 ≤ nGoodElectronsHbb < 0.9,0 ≤ nGoodMuonsHbb < 0.9
X[4000]->H(bb)Y[150](VV),31.35056750029349,31.34171600690055,31.336889045487037,31.336385880964563,4.959320241491303,2.0911167904833428,0.9285284820300355,0.9267553827793563,0.9214166154536267
