,Pre-selection,bbFatJetPt >= 350,VVFatJetPt >= 350,bbFatJetPt >= 400 or VVFatJetPt >= 400,92.5 ≤ bbFatJetParticleNetMass_JMR_up < 110 or 145 ≤ bbFatJetParticleNetMass_JMR_up < 162.5,0.8 ≤ bbFatJetParticleNetMD_Txbb < 0.987,VVFatJetParTMD_THWWvsT < 0.6,0 ≤ nGoodElectronsHbb < 0.9,0 ≤ nGoodMuonsHbb < 0.9
X[4000]->H(bb)Y[150](VV),31.35056750029349,31.340840758920486,31.335624586389855,31.33492771827151,6.235625441745496,2.456095362833774,1.0591856475522332,1.0573669832415753,1.0516613810643867
