,Pre-selection,bbFatJetPt_JER_down >= 350,VVFatJetPt_JER_down >= 350,bbFatJetPt_JER_down >= 400 or VVFatJetPt_JER_down >= 400,92.5 ≤ bbFatJetParticleNetMass < 110 or 145 ≤ bbFatJetParticleNetMass < 162.5,bbFatJetParticleNetMD_Txbb >= 0.987,VVFatJetParTMD_THWWvsT >= 0.6,0 ≤ nGoodElectronsHbb < 0.9,0 ≤ nGoodMuonsHbb < 0.9
X[4000]->H(bb)Y[150](VV),31.35056750029349,31.341003394963593,31.335782476377293,31.335070597794303,4.959084401960483,2.868000508608741,1.8304673997176335,1.828836129526224,1.8218723001867356
