,Pre-selection,bbFatJetPt >= 350,VVFatJetPt >= 350,bbFatJetPt >= 400 or VVFatJetPt >= 400,110 ≤ bbFatJetParticleNetMass_JMR_down < 145,bbFatJetParticleNetMD_Txbb >= 0.987,VVFatJetParTMD_THWWvsT >= 0.6,0 ≤ nGoodElectronsHbb < 0.9,0 ≤ nGoodMuonsHbb < 0.9
X[4000]->H(bb)Y[150](VV),31.35056750029349,31.340840758920486,31.335624586389855,31.33492771827151,25.3075404385805,17.172633690346156,10.991631565068229,10.981615141641518,10.9564964594914
