,Pre-selection,bbFatJetPt_JES_up >= 350,VVFatJetPt_JES_up >= 350,bbFatJetPt_JES_up >= 400 or VVFatJetPt_JES_up >= 400,0 ≤ nGoodElectronsHbb < 0.9,0 ≤ nGoodMuonsHbb < 0.9
X[4000]->H(bb)Y[150](VV),31.35056750029349,31.34171600690055,31.336889045487037,31.336385880964563,31.304949827301375,31.202964251983655
