,Pre-selection,bbFatJetPt_JER_down >= 350,VVFatJetPt_JER_down >= 350,bbFatJetPt_JER_down >= 400 or VVFatJetPt_JER_down >= 400,0 ≤ nGoodElectronsHbb < 0.9,0 ≤ nGoodMuonsHbb < 0.9
X[4000]->H(bb)Y[150](VV),31.35056750029349,31.341003394963593,31.335782476377293,31.335070597794303,31.30363454413111,31.201648968813387
