,SF,sj_matching_unc,sj_pt_unc,stat_unc,syst_unc
qqHH_CV_1_C2V_0_kl_1_HHbbVV,0.92 ± 0.27,0.2306053933279322,0.01694766738091543,0.05669682626324469,0.1745325579415241
