,SF,syst_unc,stat_unc,sj_pt_unc,sj_matching_unc
HHbbVV,1.05 ± 0.22,0.14843108416232018,0.053019131649473916,0.0010085470364594865,0.13252375382215928
qqHH_CV_1_C2V_0_kl_1_HHbbVV,1.03 ± 0.15,0.021080005654748293,0.061028709004741,0.0022022475788392283,0.12739943706218657
