,Pre-selection,bbFatJetPt >= 350,VVFatJetPt >= 350,bbFatJetPt >= 400 or VVFatJetPt >= 400,110 ≤ bbFatJetParticleNetMass < 145,0.8 ≤ bbFatJetParticleNetMD_Txbb < 0.9883,VVFatJetParTMD_THWWvsT < 0.6,0 ≤ nGoodElectronsHbb < 0.9,0 ≤ nGoodMuonsHbb < 0.9
X[3000]->H(bb)Y[250](VV),12.317499792677962,12.296982495965516,12.276351297318667,12.271572080552554,9.73519691675393,3.62248568099815,1.868172605543127,1.864800173011517,1.8571501555277639
