,Pre-selection,bbFatJetPt >= 350,VVFatJetPt >= 350,bbFatJetPt >= 400 or VVFatJetPt >= 400,92.5 ≤ bbFatJetParticleNetMass_JMS_down < 110 or 145 ≤ bbFatJetParticleNetMass_JMS_down < 162.5,bbFatJetParticleNetMD_Txbb >= 0.9883,VVFatJetParTMD_THWWvsT >= 0.6,0 ≤ nGoodElectronsHbb < 0.9,0 ≤ nGoodMuonsHbb < 0.9
X[3000]->H(bb)Y[250](VV),12.317499792677962,12.296982495965516,12.276351297318667,12.271572080552554,1.8815218312375765,1.01023738259806,0.513879483290083,0.5132940973997322,0.5115071540433433
