,Pre-selection,bbFatJetPt >= 350,VVFatJetPt >= 350,bbFatJetPt >= 400 or VVFatJetPt >= 400,0 ≤ nGoodElectronsHbb < 0.9,0 ≤ nGoodMuonsHbb < 0.9
X[3000]->H(bb)Y[250](VV),12.317499792677962,12.296982495965516,12.276351297318667,12.271572080552554,12.254975595563335,12.215074345044707
