,SF,sj_matching_unc,sj_pt_unc,stat_unc,syst_unc
qqHH_CV_1_C2V_0_kl_1_HHbbVV,0.95 ± 0.28,0.2547944330168292,0.012752042112181679,0.04594299274776084,0.1484798368416357
