,SF,dist,np_unc,sj_pt_unc,stat_unc,sys_unc,unmatched
HHbbVV,0.80 +0.18-0.16,+0.10-0.08,0.09796898136478988,0.0066444556671022515,0.029089706740703807,0.13937841665042017,+0.11-0.05
