,SF,dist,np_unc,sj_pt_unc,stat_unc,sys_unc,unmatched
HHbbVV,0.89 +0.53-0.64,+0.03-0.02,0.09703929503858419,0.0008155675065639369,0.026433726940147548,0.07976912473770527,+0.58-0.72
