{
    "2016": {},
    "passvbf": {
        "HHbbVV": {
            "lp_sf": 0.7584253880830564,
            "lp_sf_unc_up": 0.6290409380768494,
            "lp_sf_unc_down": 0.7680419704540323,
            "lp_sf_uncs_sym": {
                "sys_unc": 0.1441118071628138,
                "np_unc": 0.09759232512354649,
                "stat_unc": 0.03790138371209135,
                "sj_pt_unc": 0.012176882530186206
            },
            "lp_sf_uncs_asym": {
                "up": {
                    "dist": 0.02766314555987826,
                    "unmatched": 0.602536294269597
                },
                "down": {
                    "dist": 0.01722492645215566,
                    "unmatched": 0.7468028548723107
                }
            }
        }
    },
    "passggf": {
        "HHbbVV": {
            "lp_sf": 0.8854658505520658,
            "lp_sf_unc_up": 0.5978103160157788,
            "lp_sf_unc_down": 0.7279176919435332,
            "lp_sf_uncs_sym": {
                "sys_unc": 0.07976912473770527,
                "np_unc": 0.09703929503858419,
                "stat_unc": 0.026433726940147548,
                "sj_pt_unc": 0.0008155675065639369
            },
            "lp_sf_uncs_asym": {
                "up": {
                    "dist": 0.02732677578188353,
                    "unmatched": 0.5832248932846941
                },
                "down": {
                    "dist": 0.019676205654630095,
                    "unmatched": 0.7162386948930699
                }
            }
        }
    }
}
