{
    "2016": {},
    "passvbf": {
        "HHbbVV": {
            "lp_sf": 0.8008333530745658,
            "lp_sf_unc_up": 0.22516215128444322,
            "lp_sf_unc_down": 0.19528088463367446,
            "lp_sf_uncs_sym": {
                "sys_unc": 0.13937841665042017,
                "np_unc": 0.09796898136478988,
                "stat_unc": 0.029089706740703807,
                "sj_pt_unc": 0.0066444556671022515
            },
            "lp_sf_uncs_asym": {
                "up": {
                    "dist": 0.09691547873431507,
                    "unmatched": 0.10672750435446396
                },
                "down": {
                    "dist": 0.07674037998533743,
                    "unmatched": 0.04827953827463134
                }
            }
        }
    },
    "passggf": {
        "HHbbVV": {
            "lp_sf": 0.9002128493436434,
            "lp_sf_unc_up": 0.23229695621784827,
            "lp_sf_unc_down": 0.16647911998328055,
            "lp_sf_uncs_sym": {
                "sys_unc": 0.0857128176287486,
                "np_unc": 0.08432955911089313,
                "stat_unc": 0.019267112191195014,
                "sj_pt_unc": 0.00031216552133188184
            },
            "lp_sf_uncs_asym": {
                "up": {
                    "dist": 0.09232966337050075,
                    "unmatched": 0.17495035988751034
                },
                "down": {
                    "dist": 0.08596612621451855,
                    "unmatched": 0.07413259626425783
                }
            }
        }
    }
}
