{"2016APV": {"pass": {"trig_total": 175190.49526402235, "trig_total_err": 4318.649481220402}, "fail": {"trig_total": 2578476.2790518906, "trig_total_err": 3693.285504726755}}, "qqHH_CV_1_C2V_0_kl_1_HHbbVV": {"lp_sf": 0.9319151497178899, "lp_sf_unc": 0.2875145732655031, "lp_sf_uncs": {"syst_unc": 0.16385915333386447, "stat_unc": 0.05553290977152946, "sj_pt_unc": 0.015475147785647868, "sj_matching_unc": 0.22911006839960782}}, "HHbbVV": {"lp_sf": 0.9503388492177763, "lp_sf_unc": 0.29342024639707515, "lp_sf_uncs": {"syst_unc": 0.2561410936981489, "stat_unc": 0.07856434788501383, "sj_pt_unc": 0.010841863482916728, "sj_matching_unc": 0.1191523325514725}}, "ggHH_kl_2p45_kt_1_HHbbVV": {"lp_sf": 0.9811093427797604, "lp_sf_unc": 0.298330990762476, "lp_sf_uncs": {"syst_unc": 0.256817559100826, "stat_unc": 0.08162761649790178, "sj_pt_unc": 0.009575297858818856, "sj_matching_unc": 0.12763764053993107}}, "ggHH_kl_5_kt_1_HHbbVV": {"lp_sf": 0.9826126459399465, "lp_sf_unc": 0.5931596363634637, "lp_sf_uncs": {"syst_unc": 0.5694331197556697, "stat_unc": 0.07524985450900107, "sj_pt_unc": 0.015874863024629263, "sj_matching_unc": 0.14720640086791428}}, "ggHH_kl_0_kt_1_HHbbVV": {"lp_sf": 0.9650480647161521, "lp_sf_unc": 0.30122315489384854, "lp_sf_uncs": {"syst_unc": 0.26474504264374177, "stat_unc": 0.07726988547265556, "sj_pt_unc": 0.005763758045281085, "sj_matching_unc": 0.12100246002460024}}, "VBFHHbbVV": {"lp_sf": 1.080002849552601, "lp_sf_unc": 0.4250402455569426, "lp_sf_uncs": {"syst_unc": 0.3785623057161032, "stat_unc": 0.05098078240779178, "sj_pt_unc": 0.006963134878500602, "sj_matching_unc": 0.18628544122331953}}, "qqHH_CV_1p5_C2V_1_kl_1_HHbbVV": {"lp_sf": 0.9372668181396107, "lp_sf_unc": 0.2873094241175371, "lp_sf_uncs": {"syst_unc": 0.16601240523773378, "stat_unc": 0.05626640929917863, "sj_pt_unc": 0.01510216000856959, "sj_matching_unc": 0.22714005028084797}}, "qqHH_CV_1_C2V_1_kl_2_HHbbVV": {"lp_sf": 0.993699636496845, "lp_sf_unc": 0.6581904861573327, "lp_sf_uncs": {"syst_unc": 0.6286761320266583, "stat_unc": 0.06549445688986373, "sj_pt_unc": 0.008613438799934335, "sj_matching_unc": 0.18335027100271}}, "qqHH_CV_1_C2V_2_kl_1_HHbbVV": {"lp_sf": 0.9380976581614738, "lp_sf_unc": 0.2878529134781984, "lp_sf_uncs": {"syst_unc": 0.16474240244610602, "stat_unc": 0.05481188403763621, "sj_pt_unc": 0.015422563392670808, "sj_matching_unc": 0.22907868198681472}}, "qqHH_CV_1_C2V_1_kl_0_HHbbVV": {"lp_sf": 1.0349946608219183, "lp_sf_unc": 0.3474694542498509, "lp_sf_uncs": {"syst_unc": 0.29483513160566605, "stat_unc": 0.0501903719870131, "sj_pt_unc": 0.005015141340947516, "sj_matching_unc": 0.17681357901726427}}, "2016": {"pass": {"trig_total": 154861.2273932935, "trig_total_err": 3894.1821702776856}, "fail": {"trig_total": 2191129.51425094, "trig_total_err": 3393.9771949494093}}, "2017": {"pass": {"trig_total": 389745.69783708075, "trig_total_err": 7746.5100600706855}, "fail": {"trig_total": 2460502.005127463, "trig_total_err": 2704.983599867493}}, "2018": {"pass": {"trig_total": 276742.9830432943, "trig_total_err": 5028.429129818956}, "fail": {"trig_total": 1876156.0255485063, "trig_total_err": 1795.8409437101016}}}
