{
    "2016": {},
    "pass": {
        "X[2000]->H(bb)Y[125](VV)": {
            "lp_sf": 0.9714046280396638,
            "lp_sf_unc_up": 0.08226634951518527,
            "lp_sf_unc_down": 0.040589660533649374,
            "lp_sf_uncs_sym": {
                "sys_unc": 0.026481542284872418,
                "np_unc": 0.005100263987149201,
                "stat_unc": 0.004863746247567092,
                "sj_pt_unc": 0.0016946321091258869
            },
            "lp_sf_uncs_asym": {
                "up": {
                    "dist": 0.002973610356603046,
                    "unmatched": 0.07749256302337422
                },
                "down": {
                    "dist": 0.0003279798141052696,
                    "unmatched": 0.029893149573243908
                }
            }
        }
    }
}
