,SF,sj_matching_unc,sj_pt_unc,stat_unc,syst_unc
qqHH_CV_1_C2V_0_kl_1_HHbbVV,0.91 ± 0.25,0.20265486556237122,0.018933159480434808,0.06730221107356217,0.17904067396661805
