{
    "2016": {},
    "passvbf": {
        "HHbbVV": {
            "lp_sf": 0.8008333530745658,
            "lp_sf_unc_up": 0.2051077132728093,
            "lp_sf_unc_down": 0.17975957031240616,
            "lp_sf_uncs_sym": {
                "sys_unc": 0.13937841665042017,
                "np_unc": 0.09796898136478988,
                "stat_unc": 0.029089706740703807,
                "sj_pt_unc": 0.0066444556671022515
            },
            "lp_sf_uncs_asym": {
                "up": {
                    "dist": 0.027636745308808226,
                    "unmatched": 0.10672750435446396
                },
                "down": {
                    "dist": 0.008244097032689631,
                    "unmatched": 0.04827953827463134
                }
            }
        },
        "ggHH_kl_2p45_kt_1_HHbbVV": {
            "lp_sf": 0.8030505398403698,
            "lp_sf_unc_up": 0.2150317788788678,
            "lp_sf_unc_down": 0.18584548058738998,
            "lp_sf_uncs_sym": {
                "sys_unc": 0.14861529986321775,
                "np_unc": 0.0913846550201909,
                "stat_unc": 0.02876602366491398,
                "sj_pt_unc": 0.007626960684267738
            },
            "lp_sf_uncs_asym": {
                "up": {
                    "dist": 0.026851461377817104,
                    "unmatched": 0.1191400343139228
                },
                "down": {
                    "dist": 0.0027940684713562984,
                    "unmatched": 0.056634076868720344
                }
            }
        },
        "ggHH_kl_5_kt_1_HHbbVV": {
            "lp_sf": 0.8065991090333651,
            "lp_sf_unc_up": 0.3246178843501229,
            "lp_sf_unc_down": 0.3147411894172521,
            "lp_sf_uncs_sym": {
                "sys_unc": 0.2952979710319244,
                "np_unc": 0.07779948836876684,
                "stat_unc": 0.038079446969542144,
                "sj_pt_unc": 0.01001208503529307
            },
            "lp_sf_uncs_asym": {
                "up": {
                    "dist": 0.04854328459414026,
                    "unmatched": 0.09064426151990432
                },
                "down": {
                    "dist": 0.04095726508876628,
                    "unmatched": 0.05079941474034753
                }
            }
        },
        "ggHH_kl_0_kt_1_HHbbVV": {
            "lp_sf": 0.8268264594801462,
            "lp_sf_unc_up": 0.20862248112349666,
            "lp_sf_unc_down": 0.1863352404383269,
            "lp_sf_uncs_sym": {
                "sys_unc": 0.1514598706142239,
                "np_unc": 0.09131675817778177,
                "stat_unc": 0.030195327796207955,
                "sj_pt_unc": 0.005568274303805716
            },
            "lp_sf_uncs_asym": {
                "up": {
                    "dist": 0.03174188771455957,
                    "unmatched": 0.10146026791025253
                },
                "down": {
                    "dist": 0.007955768573356793,
                    "unmatched": 0.049355053901262214
                }
            }
        },
        "VBFHHbbVV": {
            "lp_sf": 0.901055306964628,
            "lp_sf_unc_up": 0.3492435970623781,
            "lp_sf_unc_down": 0.22988096054017376,
            "lp_sf_uncs_sym": {
                "sys_unc": 0.19678426998533424,
                "np_unc": 0.057041578340414296,
                "stat_unc": 0.02319322497598115,
                "sj_pt_unc": 0.0036921628365945824
            },
            "lp_sf_uncs_asym": {
                "up": {
                    "dist": 0.02437809958386631,
                    "unmatched": 0.28079788109122694
                },
                "down": {
                    "dist": 0.015553361904571746,
                    "unmatched": 0.1003693211490114
                }
            }
        },
        "qqHH_CV_1_C2V_0_kl_1_HHbbVV": {
            "lp_sf": 0.8642553766002584,
            "lp_sf_unc_up": 0.2640482223472577,
            "lp_sf_unc_down": 0.13529496118044113,
            "lp_sf_uncs_sym": {
                "sys_unc": 0.08306439145153316,
                "np_unc": 0.05384240863978447,
                "stat_unc": 0.018499526501987534,
                "sj_pt_unc": 0.013273979580656405
            },
            "lp_sf_uncs_asym": {
                "up": {
                    "dist": 0.0067292355413583966,
                    "unmatched": 0.2436371318246118
                },
                "down": {
                    "dist": 0.005292837028320855,
                    "unmatched": 0.08921649671981194
                }
            }
        },
        "qqHH_CV_1p5_C2V_1_kl_1_HHbbVV": {
            "lp_sf": 0.8620056666168606,
            "lp_sf_unc_up": 0.26914910204794446,
            "lp_sf_unc_down": 0.13782745112895178,
            "lp_sf_uncs_sym": {
                "sys_unc": 0.08729555892582991,
                "np_unc": 0.05391757170128236,
                "stat_unc": 0.018955098668343343,
                "sj_pt_unc": 0.013109554936807327
            },
            "lp_sf_uncs_asym": {
                "up": {
                    "dist": 0.009205412044609545,
                    "unmatched": 0.24758377204453447
                },
                "down": {
                    "dist": 0.0028787270854621076,
                    "unmatched": 0.08904686335052601
                }
            }
        },
        "qqHH_CV_1_C2V_1_kl_2_HHbbVV": {
            "lp_sf": 0.8981575445305491,
            "lp_sf_unc_up": 0.42195617934382484,
            "lp_sf_unc_down": 0.3560100430840841,
            "lp_sf_uncs_sym": {
                "sys_unc": 0.3395941466997801,
                "np_unc": 0.027814376145518932,
                "stat_unc": 0.03347805944376055,
                "sj_pt_unc": 0.0067487630719541645
            },
            "lp_sf_uncs_asym": {
                "up": {
                    "dist": 0.02500887806406342,
                    "unmatched": 0.2452701022223813
                },
                "down": {
                    "dist": 0.03168798357927163,
                    "unmatched": 0.0920590691522227
                }
            }
        },
        "qqHH_CV_1_C2V_2_kl_1_HHbbVV": {
            "lp_sf": 0.8662610094374306,
            "lp_sf_unc_up": 0.26497982968775474,
            "lp_sf_unc_down": 0.13357917730063337,
            "lp_sf_uncs_sym": {
                "sys_unc": 0.08202517090625636,
                "np_unc": 0.05131830252377439,
                "stat_unc": 0.017993437005320058,
                "sj_pt_unc": 0.01317107804423581
            },
            "lp_sf_uncs_asym": {
                "up": {
                    "dist": 0.007466983938137739,
                    "unmatched": 0.24555980205234149
                },
                "down": {
                    "dist": 0.0038538480452281238,
                    "unmatched": 0.08927265289731438
                }
            }
        },
        "qqHH_CV_1_C2V_1_kl_0_HHbbVV": {
            "lp_sf": 0.8972564268923325,
            "lp_sf_unc_up": 0.3075101768979924,
            "lp_sf_unc_down": 0.1713037348311724,
            "lp_sf_uncs_sym": {
                "sys_unc": 0.12493811868296366,
                "np_unc": 0.05534201401652475,
                "stat_unc": 0.018270100692799964,
                "sj_pt_unc": 0.0039224601706115735
            },
            "lp_sf_uncs_asym": {
                "up": {
                    "dist": 0.019309361674641288,
                    "unmatched": 0.2741682023120002
                },
                "down": {
                    "dist": 0.009867203360012082,
                    "unmatched": 0.10112444598810999
                }
            }
        },
        "qqHH_CV_0p5_C2V_1_kl_1_HHbbVV": {
            "lp_sf": 0.8665306321479386,
            "lp_sf_unc_up": 0.2646031196771534,
            "lp_sf_unc_down": 0.13447151455457756,
            "lp_sf_uncs_sym": {
                "sys_unc": 0.08555242921897885,