,SF,sj_matching_unc,sj_pt_unc,stat_unc,syst_unc
qqHH_CV_1_C2V_1_kl_2_HHbbVV,0.86 ± 0.59,0.14285714285714285,0.010252321392099382,0.12946452895544497,0.6522582240401613
