{"2016APV": {}, "qqHH_CV_1_C2V_1_kl_2_HHbbVV": {"lp_sf": 0.8604309258381978, "lp_sf_unc": 0.6802316726269908, "lp_sf_uncs": {"syst_unc": 0.6522582240401613, "stat_unc": 0.12946452895544497, "sj_pt_unc": 0.010252321392099382, "sj_matching_unc": 0.14285714285714285}}}
