,SF,syst_unc,stat_unc,sj_pt_unc,sj_matching_unc
HHbbVV,1.00 ± 0.19,0.07989619109258737,0.020907347564082874,0.02223163697616252,0.17453592636074386
