{
  "HHbbVV": { "lp_sf": 0.7463381219818481, "lp_sf_unc": 0.16039560204303066 },
  "X[1000]->H(bb)Y[125](VV)": {
    "lp_sf": 0.7390027273995707,
    "lp_sf_unc": 0.16226767615171173
  },
  "X[1400]->H(bb)Y[125](VV)": {
    "lp_sf": 0.7390133491512622,
    "lp_sf_unc": 0.10637414561847838
  },
  "X[1400]->H(bb)Y[150](VV)": {
    "lp_sf": 0.7575306813038684,
    "lp_sf_unc": 0.1021857957135389
  },
  "X[1800]->H(bb)Y[125](VV)": {
    "lp_sf": 0.7324224997108651,
    "lp_sf_unc": 0.14718008631624366
  },
  "X[1800]->H(bb)Y[150](VV)": {
    "lp_sf": 0.741004932943581,
    "lp_sf_unc": 0.14834202185211395
  },
  "X[1800]->H(bb)Y[190](VV)": {
    "lp_sf": 0.7324778046747054,
    "lp_sf_unc": 0.17013386033627714
  },
  "X[2200]->H(bb)Y[125](VV)": {
    "lp_sf": 0.793303447077326,
    "lp_sf_unc": 0.2134474832119846
  },
  "X[2200]->H(bb)Y[150](VV)": {
    "lp_sf": 0.7333743302801837,
    "lp_sf_unc": 0.24482337613683836
  },
  "X[2200]->H(bb)Y[190](VV)": {
    "lp_sf": 0.712738273391245,
    "lp_sf_unc": 0.29721149696264015
  },
  "X[2200]->H(bb)Y[250](VV)": {
    "lp_sf": 0.7319386334915634,
    "lp_sf_unc": 0.2658555983693373
  },
  "X[3000]->H(bb)Y[125](VV)": {
    "lp_sf": 0.7505044663331026,
    "lp_sf_unc": 0.37400966287838944
  },
  "X[3000]->H(bb)Y[150](VV)": {
    "lp_sf": 0.769697151679857,
    "lp_sf_unc": 0.3407140369816917
  },
  "X[3000]->H(bb)Y[190](VV)": {
    "lp_sf": 0.7288718970365345,
    "lp_sf_unc": 0.4301469622765102
  },
  "X[3000]->H(bb)Y[250](VV)": {
    "lp_sf": 0.7058431831685202,
    "lp_sf_unc": 0.49749582446143126
  },
  "X[3000]->H(bb)Y[350](VV)": {
    "lp_sf": 0.9429081271667437,
    "lp_sf_unc": 0.430447137025332
  },
  "2017": {
    "pass": {
      "trig_total": 43.15314193649918,
      "trig_total_err": 0.9874982279907853
    },
    "fail": {
      "trig_total": 45144.965940041606,
      "trig_total_err": 107.34391407848038
    },
    "passBlinded": {
      "trig_total": 19.59291037133775,
      "trig_total_err": 0.15068889432490343
    },
    "failBlinded": {
      "trig_total": 48567.06568396235,
      "trig_total_err": 94.05183267395269
    }
  }
}
