,Pre-selection,Triggers,bbFatJetPt >= 350,VVFatJetPt >= 350,bbFatJetPt >= 400 or VVFatJetPt >= 400,110 ≤ bbFatJetParticleNetMass < 145,bbFatJetParticleNetMD_Txbb >= 0.9883,VVFatJetParTMD_THWWvsT >= 0.6,0 ≤ nGoodElectronsHbb < 0.9,0 ≤ nGoodMuonsHbb < 0.9
X[1000]->H(bb)Y[250](VV),6.990184595567986,6.343146333355073,5.751206810500375,4.8272016695149285,4.537788875760896,3.199620308453769,1.6672039599906427,0.4853697692033022,0.48502523010324217,0.4835266257157513
