,SF,sj_matching_unc,sj_pt_unc,stat_unc,syst_unc
qqHH_CV_1_C2V_0_kl_1_HHbbVV,0.94 ± 0.28,0.2450583221057359,0.013734399426668811,0.049375316827931205,0.15338812939144725
