{
  "QCD_HT50to100": 2.486e+08,
  "QCD_HT100to200": 27990000.0,
  "QCD_HT200to300": 1712000,
  "QCD_HT300to500": 347700,
  "QCD_HT500to700": 30330.0,
  "QCD_HT700to1000": 6412.0,
  "QCD_HT1000to1500": 1118.0,
  "QCD_HT1500to2000": 108.5,
  "QCD_HT2000toInf": 21.94,

  "QCD_Pt_120to170": 407400.0,
  "QCD_Pt_170to300": 103500.0,
  "QCD_Pt_300to470": 6833.0,
  "QCD_Pt_470to600": 549.5,
  "QCD_Pt_600to800": 156.5,
  "QCD_Pt_800to1000": 26.22,
  "QCD_Pt_1000to1400": 7.475,
  "QCD_Pt_1400to1800": 0.6482,
  "QCD_Pt_1800to2400": 0.08742,
  "QCD_Pt_2400to3200": 0.005237,
  "QCD_Pt_3200toInf": 0.0001353,

  "ST_s-channel_4f_leptonDecays": 1.188915,
  "ST_t-channel_antitop_4f_InclusiveDecays": 67.93,
  "ST_t-channel_top_4f_InclusiveDecays": 113.4,
  "ST_t-channel_antitop_5f_InclusiveDecays": 71.74,
  "ST_t-channel_top_5f_InclusiveDecays": 119.7,
  "ST_tW_antitop_5f_inclusiveDecays": 32.51,
  "ST_tW_antitop_5f_NoFullyHadronicDecays": 10.890849999999999,
  "ST_tW_top_5f_inclusiveDecays": 32.45,
  "ST_tW_top_5f_NoFullyHadronicDecays": 10.87075,

  "TTTo2L2Nu": 77.10979749999998,
  "TTToHadronic": 303.8527975,
  "TTToSemiLeptonic": 306.137405,
  "TTToSemiLeptonic_ext1": 306.137405,
  "TT_Mtt-1000toInf": 76.61,
  "TT_Mtt-700to1000": 20.58,

  "WJetsToQQ_HT-400to600": 277.0,
  "WJetsToQQ_HT-600to800": 59.06,
  "WJetsToQQ_HT-800toInf": 28.75,
  "WJetsToLNu_HT-70To100": 1270.0,
  "WJetsToLNu_HT-100To200": 1252.0,
  "WJetsToLNu_HT-200To400": 336.5,
  "WJetsToLNu_HT-400To600": 45.12,
  "WJetsToLNu_HT-600To800": 10.99,
  "WJetsToLNu_HT-800To1200": 4.938,
  "WJetsToLNu_HT-1200To2500": 1.155,
  "WJetsToLNu_HT-2500ToInf": 0.02625,
  "ZJetsToQQ_HT-400to600": 114.5,
  "ZJetsToQQ_HT-600to800": 25.41,
  "ZJetsToQQ_HT-800toInf": 12.91,

  "WW": 75.83,
  "WZ": 27.56,
  "ZZ": 12.14,

  

  "GluGluToHHTobbVV_node_cHHH0": "31.05e-3 * 0.5807 * (0.2154 * 0.676 ** 2 + 0.02643 * 0.692 ** 2) * 2",
  "GluGluToHHTobbVV_node_cHHH1": "31.05e-3 * 0.5807 * (0.2154 * 0.676 ** 2 + 0.02643 * 0.692 ** 2) * 2",
  "GluGluToHHTobbVV_node_cHHH2p45": "31.05e-3 * 0.5807 * (0.2154 * 0.676 ** 2 + 0.02643 * 0.692 ** 2) * 2",
  "GluGluToHHTobbVV_node_cHHH5": "31.05e-3 * 0.5807 * (0.2154 * 0.676 ** 2 + 0.02643 * 0.692 ** 2) * 2",
  "GluGluToHHTobbVV_node_cHHH1_pn4q": "31.05e-3 * 0.5807 * (0.2154 * 0.676 ** 2 + 0.02643 * 0.692 ** 2) * 2"
}
