,Pre-selection,bbFatJetPt >= 350,VVFatJetPt >= 350,bbFatJetPt >= 400 or VVFatJetPt >= 400,92.5 ≤ bbFatJetParticleNetMass_JMS_down < 110 or 145 ≤ bbFatJetParticleNetMass_JMS_down < 162.5,0.8 ≤ bbFatJetParticleNetMD_Txbb < 0.9883,VVFatJetParTMD_THWWvsT < 0.6,0 ≤ nGoodElectronsHbb < 0.9,0 ≤ nGoodMuonsHbb < 0.9
X[1200]->H(bb)Y[190](VV),10.317654771197175,9.944419593956418,9.70279479415109,9.577890130447503,1.7357730783516536,0.9803111554266895,0.4916546963189974,0.4907928729503364,0.4864086115787116
