,SF,syst_unc,stat_unc,sj_pt_unc,sj_matching_unc
HHbbVV,1.00 ± 0.19,0.07946929614894666,0.01905418478320585,0.02217339706609527,0.17418273721224112
