{
    "2016": {
        "passvbf": {
            "trig_total": 154861.2273932935,
            "trig_total_err": 3894.1821702776856
        },
        "passggf": {
            "trig_total": 80636.62942952433,
            "trig_total_err": 395.68064919452206
        },
        "fail": {
            "trig_total": 2191129.51425094,
            "trig_total_err": 3393.9771949494093
        }
    },
    "passvbf": {
        "HHbbVV": {
            "lp_sf": 0.9503388492177763,
            "lp_sf_unc": 0.29342024639707515,
            "lp_sf_uncs": {
                "syst_unc": 0.2561410936981489,
                "stat_unc": 0.07856434788501383,
                "sj_pt_unc": 0.010841863482916728,
                "sj_matching_unc": 0.1191523325514725
            }
        },
        "ggHH_kl_2p45_kt_1_HHbbVV": {
            "lp_sf": 0.9811093427797604,
            "lp_sf_unc": 0.298330990762476,
            "lp_sf_uncs": {
                "syst_unc": 0.256817559100826,
                "stat_unc": 0.08162761649790178,
                "sj_pt_unc": 0.009575297858818856,
                "sj_matching_unc": 0.12763764053993107
            }
        },
        "ggHH_kl_5_kt_1_HHbbVV": {
            "lp_sf": 0.9826126459399465,
            "lp_sf_unc": 0.5931596363634637,
            "lp_sf_uncs": {
                "syst_unc": 0.5694331197556697,
                "stat_unc": 0.07524985450900107,
                "sj_pt_unc": 0.015874863024629263,
                "sj_matching_unc": 0.14720640086791428
            }
        },
        "ggHH_kl_0_kt_1_HHbbVV": {
            "lp_sf": 0.9650480647161521,
            "lp_sf_unc": 0.30122315489384854,
            "lp_sf_uncs": {
                "syst_unc": 0.26474504264374177,
                "stat_unc": 0.07726988547265556,
                "sj_pt_unc": 0.005763758045281085,
                "sj_matching_unc": 0.12100246002460024
            }
        },
        "VBFHHbbVV": {
            "lp_sf": 1.080002849552601,
            "lp_sf_unc": 0.4250402455569426,
            "lp_sf_uncs": {
                "syst_unc": 0.3785623057161032,
                "stat_unc": 0.05098078240779178,
                "sj_pt_unc": 0.006963134878500602,
                "sj_matching_unc": 0.18628544122331953
            }
        },
        "qqHH_CV_1_C2V_0_kl_1_HHbbVV": {
            "lp_sf": 0.9319151497178899,
            "lp_sf_unc": 0.2875145732655031,
            "lp_sf_uncs": {
                "syst_unc": 0.16385915333386447,
                "stat_unc": 0.05553290977152946,
                "sj_pt_unc": 0.015475147785647868,
                "sj_matching_unc": 0.22911006839960782
            }
        },
        "qqHH_CV_1p5_C2V_1_kl_1_HHbbVV": {
            "lp_sf": 0.9372668181396107,
            "lp_sf_unc": 0.2873094241175371,
            "lp_sf_uncs": {
                "syst_unc": 0.16601240523773378,
                "stat_unc": 0.05626640929917863,
                "sj_pt_unc": 0.01510216000856959,
                "sj_matching_unc": 0.22714005028084797
            }
        },
        "qqHH_CV_1_C2V_1_kl_2_HHbbVV": {
            "lp_sf": 0.993699636496845,
            "lp_sf_unc": 0.6581904861573327,
            "lp_sf_uncs": {
                "syst_unc": 0.6286761320266583,
                "stat_unc": 0.06549445688986373,
                "sj_pt_unc": 0.008613438799934335,
                "sj_matching_unc": 0.18335027100271
            }
        },
        "qqHH_CV_1_C2V_2_kl_1_HHbbVV": {
            "lp_sf": 0.9380976581614738,
            "lp_sf_unc": 0.2878529134781984,
            "lp_sf_uncs": {
                "syst_unc": 0.16474240244610602,
                "stat_unc": 0.05481188403763621,
                "sj_pt_unc": 0.015422563392670808,
                "sj_matching_unc": 0.22907868198681472
            }
        },
        "qqHH_CV_1_C2V_1_kl_0_HHbbVV": {
            "lp_sf": 1.0349946608219183,
            "lp_sf_unc": 0.3474694542498509,
            "lp_sf_uncs": {
                "syst_unc": 0.29483513160566605,
                "stat_unc": 0.0501903719870131,
                "sj_pt_unc": 0.005015141340947516,
                "sj_matching_unc": 0.17681357901726427
            }
        }
    },
    "passggf": {
        "HHbbVV": {
            "lp_sf": 1.0482503072536726,
            "lp_sf_unc": 0.22642171751655427,
            "lp_sf_uncs": {
                "syst_unc": 0.15514468168906617,
                "stat_unc": 0.04559362169667419,
                "sj_pt_unc": 0.0007642843653683485,
                "sj_matching_unc": 0.15848520257971732
            }
        },
        "ggHH_kl_2p45_kt_1_HHbbVV": {
            "lp_sf": 1.062094952143655,
            "lp_sf_unc": 0.24720897324000077,
            "lp_sf_uncs": {
                "syst_unc": 0.18385345423858926,
                "stat_unc": 0.045837112992021735,
                "sj_pt_unc": 0.0009498641180822025,
                "sj_matching_unc": 0.15877103213630686
            }
        },
        "ggHH_kl_5_kt_1_HHbbVV": {
            "lp_sf": 1.057992768883723,
            "lp_sf_unc": 0.47037237285868283,
            "lp_sf_uncs": {
                "syst_unc": 0.44012368551104025,
                "stat_unc": 0.04998406457640312,
                "sj_pt_unc": 0.0017503574736453778,
                "sj_matching_unc": 0.15823981843399318
            }
        },
        "ggHH_kl_0_kt_1_HHbbVV": {
            "lp_sf": 1.0641445541714307,
            "lp_sf_unc": 0.26120472896929664,
            "lp_sf_uncs": {
                "syst_unc": 0.20206920125198147,
                "stat_unc": 0.0430519277877048,
                "sj_pt_unc": 0.0009181634419672939,
                "sj_matching_unc": 0.15981751102731517
            }
        },
        "VBFHHbbVV": {
            "lp_sf": 1.1717810595528315,
            "lp_sf_unc": 0.38510262795601186,
            "lp_sf_uncs": {
                "syst_unc": 0.34642217860275387,
                "stat_unc": 0.05102501027226864,
                "sj_pt_unc": 0.0025436127243373416,
                "sj_matching_unc": 0.1602675469075747
            }
        },
        "qqHH_CV_1_C2V_0_kl_1_HHbbVV": {
            "lp_sf": 1.0940051072433206,
            "lp_sf_unc": 0.16205000734105623,
            "lp_sf_uncs": {
                "syst_unc": 0.018214072473889453,
                "stat_unc": 0.044798729912707114,
                "sj_pt_unc": 0.007522002692266629,
                "sj_matching_unc": 0.1544828330814079
            }
        },
        "qqHH_CV_1p5_C2V_1_kl_1_HHbbVV": {
            "lp_sf": 1.0948108255267792,
            "lp_sf_unc": 0.163893820451763,
            "lp_sf_uncs": {
                "syst_unc": 0.016229503662010147,
                "stat_unc": 0.045254900448909396,
                "sj_pt_unc": 0.007215282190329005,
                "sj_matching_unc": 0.1565174791562679
            }
        },
        "qqHH_CV_1_C2V_1_kl_2_HHbbVV": {
            "lp_sf": 1.1805751802243594,
            "lp_sf_unc": 0.5562672174434886,
            "lp_sf_uncs": {
                "syst_unc": 0.5277963544595095,
                "stat_unc": 0.06276597269346627,
                "sj_pt_unc": 0.0033225765904191244,
                "sj_matching_unc": 0.16405370638366296
            }
        },
        "qqHH_CV_1_C2V_2_kl_1_HHbbVV": {
            "lp_sf": 1.0984444127415867,
            "lp_sf_unc": 0.16106999217393866,
            "lp_sf_uncs": {
                "syst_unc": 0.015679110776706567,
                "stat_unc": 0.045512705712504264,
                "sj_pt_unc": 0.008159661248269869,
                "sj_matching_unc": 0.1534917633334274
            }
        },
        "qqHH_CV_1_C2V_1_kl_0_HHbbVV": {
            "lp_sf": 1.0749741549357703,
            "lp_sf_unc": 0.28596022301890617,
            "lp_sf_uncs": {
                "syst_unc": 0.23020872711479706,
                "stat_unc": 0.05366438516229538,
                "sj_pt_unc": 0.0017829424216507638,