,SF,syst_unc,stat_unc,sj_pt_unc,sj_matching_unc
HHbbVV,1.00 ± 0.19,0.07968097621692229,0.02046394107418961,0.021737523105360444,0.17267406038200864
