,Pre-selection,TriggerEffs,QCD SF,LP SF,bbFatJetPt ≥ 300,VVFatJetPt ≥ 300,BDTScore ≥ 0.999,bbFatJetParticleNetMD_Txbb ≥ 0.988
HHbbVV,4.195008340515057,1.9850190976132749,1.9850190976132749,1.9850190976132749,1.9790901153021438,1.9741353376747495,0.08392934026851462,0.04168997499376348
QCD,3048446.9999554865,1299994.2424323014,1390671.9664265167,1390671.9664265167,1385454.619714917,1381545.5391913892,3.076994793605867,0.2559844962305712
TT,193771.92446254156,108971.33199740764,108971.33199740764,108971.33199740764,108596.03805506787,108188.94416321091,7.648733087959418,0.3304263431145566
ST,13841.807461920154,8207.352255699509,8207.352255699509,8207.352255699509,8173.542421368004,8153.934084007797,0.8038770866375493,0.0
V+Jets,85738.12281680925,44939.42374107139,44939.42374107139,44939.42374107139,44778.32337141719,44666.99864531666,3.443069003737195,0.7357763607245031
Diboson,1314.1944037157127,717.9255793045147,717.9255793045147,717.9255793045147,715.766317507949,713.451753186686,0.0,0.0
Data,1553508.0,1553508.0,1553508.0,1553508.0,1553508.0,1553508.0,37.0,6.0
