{
    "2016": {
        "passvbf": {
            "trig_total": 154861.2273932935,
            "trig_total_err": 3894.1821702776856
        },
        "passggf": {
            "trig_total": 69580.46754282841,
            "trig_total_err": 336.75013078250475
        },
        "fail": {
            "trig_total": 2191129.51425094,
            "trig_total_err": 3393.9771949494093
        }
    },
    "passvbf": {
        "HHbbVV": {
            "lp_sf": 0.9503388492177763,
            "lp_sf_unc": 0.29342024639707515,
            "lp_sf_uncs": {
                "syst_unc": 0.2561410936981489,
                "stat_unc": 0.07856434788501383,
                "sj_pt_unc": 0.010841863482916728,
                "sj_matching_unc": 0.1191523325514725
            }
        },
        "ggHH_kl_2p45_kt_1_HHbbVV": {
            "lp_sf": 0.9811093427797604,
            "lp_sf_unc": 0.298330990762476,
            "lp_sf_uncs": {
                "syst_unc": 0.256817559100826,
                "stat_unc": 0.08162761649790178,
                "sj_pt_unc": 0.009575297858818856,
                "sj_matching_unc": 0.12763764053993107
            }
        },
        "ggHH_kl_5_kt_1_HHbbVV": {
            "lp_sf": 0.9826126459399465,
            "lp_sf_unc": 0.5931596363634637,
            "lp_sf_uncs": {
                "syst_unc": 0.5694331197556697,
                "stat_unc": 0.07524985450900107,
                "sj_pt_unc": 0.015874863024629263,
                "sj_matching_unc": 0.14720640086791428
            }
        },
        "ggHH_kl_0_kt_1_HHbbVV": {
            "lp_sf": 0.9650480647161521,
            "lp_sf_unc": 0.30122315489384854,
            "lp_sf_uncs": {
                "syst_unc": 0.26474504264374177,
                "stat_unc": 0.07726988547265556,
                "sj_pt_unc": 0.005763758045281085,
                "sj_matching_unc": 0.12100246002460024
            }
        },
        "VBFHHbbVV": {
            "lp_sf": 1.080002849552601,
            "lp_sf_unc": 0.4250402455569426,
            "lp_sf_uncs": {
                "syst_unc": 0.3785623057161032,
                "stat_unc": 0.05098078240779178,
                "sj_pt_unc": 0.006963134878500602,
                "sj_matching_unc": 0.18628544122331953
            }
        },
        "qqHH_CV_1_C2V_0_kl_1_HHbbVV": {
            "lp_sf": 0.9319151497178899,
            "lp_sf_unc": 0.2875145732655031,
            "lp_sf_uncs": {
                "syst_unc": 0.16385915333386447,
                "stat_unc": 0.05553290977152946,
                "sj_pt_unc": 0.015475147785647868,
                "sj_matching_unc": 0.22911006839960782
            }
        },
        "qqHH_CV_1p5_C2V_1_kl_1_HHbbVV": {
            "lp_sf": 0.9372668181396107,
            "lp_sf_unc": 0.2873094241175371,
            "lp_sf_uncs": {
                "syst_unc": 0.16601240523773378,
                "stat_unc": 0.05626640929917863,
                "sj_pt_unc": 0.01510216000856959,
                "sj_matching_unc": 0.22714005028084797
            }
        },
        "qqHH_CV_1_C2V_1_kl_2_HHbbVV": {
            "lp_sf": 0.993699636496845,
            "lp_sf_unc": 0.6581904861573327,
            "lp_sf_uncs": {
                "syst_unc": 0.6286761320266583,
                "stat_unc": 0.06549445688986373,
                "sj_pt_unc": 0.008613438799934335,
                "sj_matching_unc": 0.18335027100271
            }
        },
        "qqHH_CV_1_C2V_2_kl_1_HHbbVV": {
            "lp_sf": 0.9380976581614738,
            "lp_sf_unc": 0.2878529134781984,
            "lp_sf_uncs": {
                "syst_unc": 0.16474240244610602,
                "stat_unc": 0.05481188403763621,
                "sj_pt_unc": 0.015422563392670808,
                "sj_matching_unc": 0.22907868198681472
            }
        },
        "qqHH_CV_1_C2V_1_kl_0_HHbbVV": {
            "lp_sf": 1.0349946608219183,
            "lp_sf_unc": 0.3474694542498509,
            "lp_sf_uncs": {
                "syst_unc": 0.29483513160566605,
                "stat_unc": 0.0501903719870131,
                "sj_pt_unc": 0.005015141340947516,
                "sj_matching_unc": 0.17681357901726427
            }
        }
    },
    "passggf": {
        "HHbbVV": {
            "lp_sf": 1.0485594168172478,
            "lp_sf_unc": 0.219074348371884,
            "lp_sf_uncs": {
                "syst_unc": 0.15303949989086268,
                "stat_unc": 0.048066903551757675,
                "sj_pt_unc": 0.0007821920510374409,
                "sj_matching_unc": 0.14920268947395537
            }
        },
        "ggHH_kl_2p45_kt_1_HHbbVV": {
            "lp_sf": 1.0605818028441243,
            "lp_sf_unc": 0.24248894323001208,
            "lp_sf_uncs": {
                "syst_unc": 0.1854992800875139,
                "stat_unc": 0.04818834019650573,
                "sj_pt_unc": 0.00101354501018185,
                "sj_matching_unc": 0.14855221732253027
            }
        },
        "ggHH_kl_5_kt_1_HHbbVV": {
            "lp_sf": 1.0423741451974635,
            "lp_sf_unc": 0.4707262830769041,
            "lp_sf_uncs": {
                "syst_unc": 0.44295044255989946,
                "stat_unc": 0.05304250570097779,
                "sj_pt_unc": 0.0018896695474019225,
                "sj_matching_unc": 0.1502033979420914
            }
        },
        "ggHH_kl_0_kt_1_HHbbVV": {
            "lp_sf": 1.0645833573226418,
            "lp_sf_unc": 0.25385799262397934,
            "lp_sf_uncs": {
                "syst_unc": 0.2009500016382721,
                "stat_unc": 0.043869015423568455,
                "sj_pt_unc": 0.001122037707667054,
                "sj_matching_unc": 0.14878584535433492
            }
        },
        "VBFHHbbVV": {
            "lp_sf": 1.1962231780818404,
            "lp_sf_unc": 0.3740291936054661,
            "lp_sf_uncs": {
                "syst_unc": 0.3364630138198149,
                "stat_unc": 0.05546326007160004,
                "sj_pt_unc": 0.0025745040837828084,
                "sj_matching_unc": 0.15364789849325933
            }
        },
        "qqHH_CV_1_C2V_0_kl_1_HHbbVV": {
            "lp_sf": 1.093417290075193,
            "lp_sf_unc": 0.15457104416122594,
            "lp_sf_uncs": {
                "syst_unc": 0.020599155962882833,
                "stat_unc": 0.047051791008324254,
                "sj_pt_unc": 0.007853857957480186,
                "sj_matching_unc": 0.1455758508297348
            }
        },
        "qqHH_CV_1p5_C2V_1_kl_1_HHbbVV": {
            "lp_sf": 1.099498868572875,
            "lp_sf_unc": 0.15633038454070936,
            "lp_sf_uncs": {
                "syst_unc": 0.019348238212662454,
                "stat_unc": 0.047275499906565245,
                "sj_pt_unc": 0.007295691758751574,
                "sj_matching_unc": 0.14756908483506212
            }
        },
        "qqHH_CV_1_C2V_1_kl_2_HHbbVV": {
            "lp_sf": 1.1833679541238438,
            "lp_sf_unc": 0.5509881524580588,
            "lp_sf_uncs": {
                "syst_unc": 0.5233157204361628,
                "stat_unc": 0.06468901064992398,
                "sj_pt_unc": 0.0036146450793935418,
                "sj_matching_unc": 0.1597838137472284
            }
        },
        "qqHH_CV_1_C2V_2_kl_1_HHbbVV": {
            "lp_sf": 1.098946193231153,
            "lp_sf_unc": 0.15441474545040787,
            "lp_sf_uncs": {
                "syst_unc": 0.021843189186383394,
                "stat_unc": 0.04745519250261743,
                "sj_pt_unc": 0.008424393404419635,
                "sj_matching_unc": 0.14506489237230769
            }
        },
        "qqHH_CV_1_C2V_1_kl_0_HHbbVV": {
            "lp_sf": 1.0789853724042802,
            "lp_sf_unc": 0.28340215719205925,
            "lp_sf_uncs": {
                "syst_unc": 0.23346733163194697,
                "stat_unc": 0.05497275658070023,
                "sj_pt_unc": 0.0018188358636607282,