,Pre-selection,TriggerEffs,QCD SF,LP SF,bbFatJetPt ≥ 300,VVFatJetPt ≥ 300,BDTScore_JMR_up ≥ 0.96,bbFatJetParticleNetMD_Txbb ≥ 0.9137,BDTScore ≥ 0.96
HHbbVV,1.226207055855298,0.962836113592311,0.962836113592311,0.962836113592311,0.9566096747942927,0.9511902193920164,0.34030499760509625,0.30510069904843035,
QCD,1025068.5251140338,758372.038498297,951838.4448337916,951838.4448337916,943552.4935079368,936701.2880493293,3997.902398498244,2164.007474266091,
TT,60216.68690936446,49536.832979442996,49536.832979442996,49536.832979442996,49221.11449574653,48889.454988424695,683.4134309661916,387.9758535920013,
ST,4318.746371851393,3575.7297900135763,3575.7297900135763,3575.7297900135763,3552.173733076492,3532.876000602921,64.65989746059364,37.90971041173313,
V+Jets,28575.038253779858,22718.400706946682,22718.400706946682,22718.400706946682,22556.427033673514,22436.939271385167,233.48366420385932,136.8937240018538,
Diboson,435.3161593699373,352.5916898055027,352.5916898055027,352.5916898055027,350.53705082453064,349.14705446532366,1.4326026461975234,1.1449363119151081,
Data,1028022.0,1028022.0,1028022.0,1028022.0,1028022.0,1028022.0,,5175.0,9737.0
