,SF,syst_unc,stat_unc,sj_pt_unc,sj_matching_unc
HHbbVV,1.01 ± 0.11,0.03712018438654031,0.08828709474177476,0.003932624543220806,0.050060679611650484
qqHH_CV_1_C2V_0_kl_1_HHbbVV,1.05 ± 0.15,0.09588150635145196,0.07993328829696361,0.00957175715686565,0.058461785484906874
