{"2016APV": {"pass": {"trig_total": 974.682780107712, "trig_total_err": 9.922552427245416}, "fail": {"trig_total": 2660504.74319953, "trig_total_err": 4119.442774242709}}, "HHbbVV": {"lp_sf": 1.0087140021346477, "lp_sf_unc": 0.10813906031500424, "lp_sf_uncs": {"syst_unc": 0.03712018438654031, "stat_unc": 0.08828709474177476, "sj_pt_unc": 0.003932624543220806, "sj_matching_unc": 0.050060679611650484}}, "qqHH_CV_1_C2V_0_kl_1_HHbbVV": {"lp_sf": 1.0537589050359883, "lp_sf_unc": 0.1381737773072094, "lp_sf_uncs": {"syst_unc": 0.09588150635145196, "stat_unc": 0.07993328829696361, "sj_pt_unc": 0.00957175715686565, "sj_matching_unc": 0.058461785484906874}}, "2016": {"pass": {"trig_total": 915.6362376849595, "trig_total_err": 11.063710655450244}, "fail": {"trig_total": 2279925.507221415, "trig_total_err": 3872.4562812405525}}, "2018": {"pass": {"trig_total": 1819.3110880459265, "trig_total_err": 13.813697989842613}, "fail": {"trig_total": 1842338.4174895105, "trig_total_err": 1991.002296784295}}}
