,SF,syst_unc,stat_unc,sj_pt_unc,sj_matching_unc
HHbbVV,1.01 ± 0.19,0.07210439697570956,0.019397169369684362,0.02136644769236312,0.1757829232068727
