,Pre-selection,TriggerEffs,QCD SF,LP SF,bbFatJetPt_JES_up ≥ 300,VVFatJetPt_JES_up ≥ 300,BDTScore_JES_up ≥ 0.99,bbFatJetParticleNetMD_Txbb ≥ 0.9137,bbFatJetPt ≥ 300,VVFatJetPt ≥ 300,BDTScore ≥ 0.99
HHbbVV,1.226207055855298,0.962836113592311,0.962836113592311,0.962836113592311,0.9627053590859099,0.9626195325143448,0.1626300830641254,0.14609464011391815,,,
QCD,1025068.5251140338,758372.038498297,951838.4448337916,951838.4448337916,951712.1943890575,951598.2071610591,459.4412589759646,286.38895305491434,,,
TT,60216.68690936446,49536.832979442996,49536.832979442996,49536.832979442996,49530.16373826935,49522.744044389656,87.67009569186612,50.285177355392605,,,
ST,4318.746371851393,3575.7297900135763,3575.7297900135763,3575.7297900135763,3575.575144620543,3575.04448299104,7.656429959683679,4.3141645836780045,,,
V+Jets,28575.038253779858,22718.400706946682,22718.400706946682,22718.400706946682,22714.82634095938,22712.854992275392,40.18854994515368,24.18419987614832,,,
Diboson,435.3161593699373,352.5916898055027,352.5916898055027,352.5916898055027,352.5916898055027,352.5916898055027,0.03266233593561373,0.0,,,
Data,1028022.0,1028022.0,1028022.0,1028022.0,,,,636.0,1028022.0,1028022.0,1251.0
