,SF,syst_unc,stat_unc,sj_pt_unc,sj_matching_unc
HHbbVV,1.02 ± 0.20,0.08071453645934933,0.021109507993011385,0.021662021661854776,0.17613607917090837
