,SF,sj_matching_unc,sj_pt_unc,stat_unc,syst_unc
qqHH_CV_1_C2V_0_kl_1_HHbbVV,0.95 ± 0.30,0.2841710155098905,0.0105127375956462,0.03578936806499469,0.13576296771648652
