,Pre-selection,bbFatJetPt >= 350,VVFatJetPt >= 350,bbFatJetPt >= 400 or VVFatJetPt >= 400,92.5 ≤ bbFatJetParticleNetMass_JMS_up < 110 or 145 ≤ bbFatJetParticleNetMass_JMS_up < 162.5,bbFatJetParticleNetMD_Txbb >= 0.9883,VVFatJetParTMD_THWWvsT >= 0.6,0 ≤ nGoodElectronsHbb < 0.9,0 ≤ nGoodMuonsHbb < 0.9
X[4000]->H(bb)Y[150](VV),12.415558800191265,12.408901971167795,12.406446032805995,12.405277373285454,2.0158069857366514,1.0658243780978134,0.623342855927155,0.6223944969865052,0.6200046041188352
