,Pre-selection,bbFatJetPt >= 350,VVFatJetPt >= 350,bbFatJetPt >= 400 or VVFatJetPt >= 400,92.5 ≤ bbFatJetParticleNetMass_JMR_down < 110 or 145 ≤ bbFatJetParticleNetMass_JMR_down < 162.5,bbFatJetParticleNetMD_Txbb >= 0.9883,VVFatJetParTMD_THWWvsT >= 0.6,0 ≤ nGoodElectronsHbb < 0.9,0 ≤ nGoodMuonsHbb < 0.9
X[4000]->H(bb)Y[150](VV),12.415558800191265,12.408901971167795,12.406446032805995,12.405277373285454,1.8873132726278248,0.977897996238706,0.5721657810451989,0.5711909885229991,0.569315127493023
