,Pre-selection,bbFatJetPt_JES_down >= 350,VVFatJetPt_JES_down >= 350,bbFatJetPt_JES_down >= 400 or VVFatJetPt_JES_down >= 400,110 ≤ bbFatJetParticleNetMass < 145,bbFatJetParticleNetMD_Txbb >= 0.9883,VVFatJetParTMD_THWWvsT >= 0.6,0 ≤ nGoodElectronsHbb < 0.9,0 ≤ nGoodMuonsHbb < 0.9
X[4000]->H(bb)Y[150](VV),12.415558800191265,12.408224454253574,12.405669332715654,12.404366348718508,9.828113826149345,6.242230610370942,3.635438893075044,3.6320517229474776,3.625881698290059
