,Pre-selection,bbFatJetPt >= 350,VVFatJetPt >= 350,bbFatJetPt >= 400 or VVFatJetPt >= 400,0 ≤ nGoodElectronsHbb < 0.9,0 ≤ nGoodMuonsHbb < 0.9
X[4000]->H(bb)Y[150](VV),12.415558800191265,12.408901971167795,12.406446032805995,12.405277373285454,12.391729351041109,12.358096522841842
