,Pre-selection,Triggers,bbFatJetPt >= 350,VVFatJetPt >= 350,bbFatJetPt >= 400 or VVFatJetPt >= 400,110 ≤ bbFatJetParticleNetMass < 145,bbFatJetParticleNetMD_Txbb >= 0.9883,VVFatJetParTMD_THWWvsT >= 0.6,0 ≤ nGoodElectronsHbb < 0.9,0 ≤ nGoodMuonsHbb < 0.9
X[3000]->H(bb)Y[250](VV),14.705607053470468,14.688073034644484,14.66398441947416,14.63468398283262,14.627286968480925,11.50344901327664,7.234572157186344,3.5799867766616527,3.5761869629171543,3.56892940452047
