,Pre-selection,bbFatJetPt_JES_down >= 350,VVFatJetPt_JES_down >= 350,bbFatJetPt_JES_down >= 400 or VVFatJetPt_JES_down >= 400,110 ≤ bbFatJetParticleNetMass < 145,0.8 ≤ bbFatJetParticleNetMD_Txbb < 0.987,VVFatJetParTMD_THWWvsT < 0.6,0 ≤ nGoodElectronsHbb < 0.9,0 ≤ nGoodMuonsHbb < 0.9
X[1200]->H(bb)Y[190](VV),20.84890303615198,20.318488438152915,19.975679957895842,19.865070158989496,15.078733755980055,7.013773678801824,3.173611512270268,3.1671135222597977,3.1439389829370725
