,Pre-selection,bbFatJetPt_JER_up >= 350,VVFatJetPt_JER_up >= 350,bbFatJetPt_JER_up >= 400 or VVFatJetPt_JER_up >= 400,92.5 ≤ bbFatJetParticleNetMass < 110 or 145 ≤ bbFatJetParticleNetMass < 162.5,bbFatJetParticleNetMD_Txbb >= 0.987,VVFatJetParTMD_THWWvsT >= 0.6,0 ≤ nGoodElectronsHbb < 0.9,0 ≤ nGoodMuonsHbb < 0.9
X[1200]->H(bb)Y[190](VV),20.84890303615198,20.34862347633933,20.025404928653902,19.929887811406285,3.382942479880942,1.4106831148655763,0.775948823169709,0.7752812081870775,0.7698261198111573
