,Pre-selection,bbFatJetPt >= 350,VVFatJetPt >= 350,bbFatJetPt >= 400 or VVFatJetPt >= 400,92.5 ≤ bbFatJetParticleNetMass_JMR_down < 110 or 145 ≤ bbFatJetParticleNetMass_JMR_down < 162.5,bbFatJetParticleNetMD_Txbb >= 0.987,VVFatJetParTMD_THWWvsT >= 0.6,0 ≤ nGoodElectronsHbb < 0.9,0 ≤ nGoodMuonsHbb < 0.9
X[1200]->H(bb)Y[190](VV),20.84890303615198,20.353479062511184,20.02945668363847,19.93325214094316,3.240614940963755,1.3239895279641591,0.7285353384786308,0.727760339006019,0.7229249674779445
