,Pre-selection,bbFatJetPt >= 350,VVFatJetPt >= 350,bbFatJetPt >= 400 or VVFatJetPt >= 400,110 ≤ bbFatJetParticleNetMass_JMR_down < 145,0.8 ≤ bbFatJetParticleNetMD_Txbb < 0.988,VVFatJetParTMD_THWWvsT < 0.6,0 ≤ nGoodElectronsHbb < 0.9,0 ≤ nGoodMuonsHbb < 0.9
X[1200]->H(bb)Y[190](VV),26.150813006942016,25.51650291959401,25.147863944557784,25.091667361912037,19.390173131829364,9.070401317720297,4.105528176577654,4.096159832354467,4.071526042443231
