,Pre-selection,bbFatJetPt_JER_up >= 350,VVFatJetPt_JER_up >= 350,bbFatJetPt_JER_up >= 400 or VVFatJetPt_JER_up >= 400,92.5 ≤ bbFatJetParticleNetMass < 110 or 145 ≤ bbFatJetParticleNetMass < 162.5,0.8 ≤ bbFatJetParticleNetMD_Txbb < 0.988,VVFatJetParTMD_THWWvsT < 0.6,0 ≤ nGoodElectronsHbb < 0.9,0 ≤ nGoodMuonsHbb < 0.9
X[1200]->H(bb)Y[190](VV),26.150813006942016,25.51368367103458,25.14353049066262,25.08685265365356,4.2873152714236085,2.4871336328581988,1.1259617310729486,1.123872531042685,1.110554431017822
