,Pre-selection,bbFatJetPt_JER_up >= 350,VVFatJetPt_JER_up >= 350,bbFatJetPt_JER_up >= 400 or VVFatJetPt_JER_up >= 400,110 ≤ bbFatJetParticleNetMass < 145,0.8 ≤ bbFatJetParticleNetMD_Txbb < 0.988,VVFatJetParTMD_THWWvsT < 0.6,0 ≤ nGoodElectronsHbb < 0.9,0 ≤ nGoodMuonsHbb < 0.9
X[1200]->H(bb)Y[190](VV),26.150813006942016,25.51368367103458,25.14353049066262,25.08685265365356,19.008618236347065,8.896669521718854,4.024315586997549,4.014603757969498,3.9907559826242873
