,Pre-selection,bbFatJetPt >= 350,VVFatJetPt >= 350,bbFatJetPt >= 400 or VVFatJetPt >= 400,92.5 ≤ bbFatJetParticleNetMass_JMR_up < 110 or 145 ≤ bbFatJetParticleNetMass_JMR_up < 162.5,bbFatJetParticleNetMD_Txbb >= 0.988,VVFatJetParTMD_THWWvsT >= 0.6,0 ≤ nGoodElectronsHbb < 0.9,0 ≤ nGoodMuonsHbb < 0.9
X[1200]->H(bb)Y[190](VV),26.150813006942016,25.51650291959401,25.147863944557784,25.091667361912037,5.793210560683892,2.6763372681055273,1.5036172691643501,1.5013248365724234,1.493212913191663
