,Pre-selection,bbFatJetPt >= 350,VVFatJetPt >= 350,bbFatJetPt >= 400 or VVFatJetPt >= 400,110 ≤ bbFatJetParticleNetMass_JMR_up < 145,bbFatJetParticleNetMD_Txbb >= 0.988,VVFatJetParTMD_THWWvsT >= 0.6,0 ≤ nGoodElectronsHbb < 0.9,0 ≤ nGoodMuonsHbb < 0.9
X[1200]->H(bb)Y[190](VV),26.150813006942016,25.51650291959401,25.147863944557784,25.091667361912037,17.129853283929375,9.059944353189492,5.050564462077125,5.041955362390677,5.026007181158038
