,Pre-selection,bbFatJetPt_JES_down >= 350,VVFatJetPt_JES_down >= 350,bbFatJetPt_JES_down >= 400 or VVFatJetPt_JES_down >= 400,0 ≤ nGoodElectronsHbb < 0.9,0 ≤ nGoodMuonsHbb < 0.9
X[1200]->H(bb)Y[190](VV),26.150813006942016,25.459083087589725,25.056083253528342,24.983509601496035,24.9400063715964,24.810344773323624
