,SF,syst_unc,stat_unc,sj_pt_unc,sj_matching_unc
HHbbVV,1.00 ± 0.19,0.07904267063979165,0.020373641099496343,0.02218409478147165,0.17347545270832507
