,SF,sj_matching_unc,sj_pt_unc,stat_unc,syst_unc
qqHH_CV_1_C2V_0_kl_1_HHbbVV,0.90 ± 0.27,0.207364988071392,0.021736848048220802,0.0694791481350788,0.199857050021059
