,Pre-selection,bbFatJetPt_JES_up >= 350,VVFatJetPt_JES_up >= 350,bbFatJetPt_JES_up >= 400 or VVFatJetPt_JES_up >= 400,110 ≤ bbFatJetParticleNetMass < 145,0.8 ≤ bbFatJetParticleNetMD_Txbb < 0.987,VVFatJetParTMD_THWWvsT < 0.6,0 ≤ nGoodElectronsHbb < 0.9,0 ≤ nGoodMuonsHbb < 0.9
X[2000]->H(bb)Y[125](VV),28.537758766708492,28.42786386962993,28.374302206491713,28.356158068867636,22.476756189359655,9.131208936962688,3.767507858064524,3.762713020957892,3.743241103206573
