,Pre-selection,bbFatJetPt >= 350,VVFatJetPt >= 350,bbFatJetPt >= 400 or VVFatJetPt >= 400,92.5 ≤ bbFatJetParticleNetMass_JMR_down < 110 or 145 ≤ bbFatJetParticleNetMass_JMR_down < 162.5,bbFatJetParticleNetMD_Txbb >= 0.987,VVFatJetParTMD_THWWvsT >= 0.6,0 ≤ nGoodElectronsHbb < 0.9,0 ≤ nGoodMuonsHbb < 0.9
X[2000]->H(bb)Y[125](VV),28.537758766708492,28.418686446450952,28.360820384407422,28.3410693340238,4.1749607844400805,1.9901490955962433,1.2041071301902826,1.2029928466933315,1.1984099720791526
