,Pre-selection,bbFatJetPt_JER_down >= 350,VVFatJetPt_JER_down >= 350,bbFatJetPt_JER_down >= 400 or VVFatJetPt_JER_down >= 400,0 ≤ nGoodElectronsHbb < 0.9,0 ≤ nGoodMuonsHbb < 0.9
X[2000]->H(bb)Y[125](VV),28.537758766708492,28.41987978849515,28.361778122259594,28.340321529959663,28.312605972276785,28.196452703028427
