,Pre-selection,bbFatJetPt >= 350,VVFatJetPt >= 350,bbFatJetPt >= 400 or VVFatJetPt >= 400,92.5 ≤ bbFatJetParticleNetMass_JMS_up < 110 or 145 ≤ bbFatJetParticleNetMass_JMS_up < 162.5,bbFatJetParticleNetMD_Txbb >= 0.9883,VVFatJetParTMD_THWWvsT >= 0.6,0 ≤ nGoodElectronsHbb < 0.9,0 ≤ nGoodMuonsHbb < 0.9
X[2000]->H(bb)Y[125](VV),11.479933993403646,11.40922018027692,11.377151509782374,11.356629154585663,1.8441125439774866,0.9029579221564591,0.49792585309645915,0.497513387563697,0.4962285894327098
