,Pre-selection,bbFatJetPt_JES_up >= 350,VVFatJetPt_JES_up >= 350,bbFatJetPt_JES_up >= 400 or VVFatJetPt_JES_up >= 400,0 ≤ nGoodElectronsHbb < 0.9,0 ≤ nGoodMuonsHbb < 0.9
X[2000]->H(bb)Y[125](VV),11.479933993403646,11.41567808744344,11.385856471955515,11.367058320170903,11.354306289711792,11.316303554418312
