,SF,syst_unc,stat_unc,sj_pt_unc,sj_matching_unc
HHbbVV,1.01 ± 0.19,0.06505862115294038,0.017472638082744726,0.021230512638179586,0.17684832029650702
