,SF,sj_matching_unc,sj_pt_unc,stat_unc,syst_unc
qqHH_CV_1_C2V_0_kl_1_HHbbVV,0.89 ± 0.25,0.18279982817869414,0.022794788379674996,0.07913273276770402,0.20293059678163733
