,SF,syst_unc,stat_unc,sj_pt_unc,sj_matching_unc
HHbbVV,1.01 ± 0.19,0.06812547144836015,0.018799174254885368,0.02117316781568097,0.17670424706973417
